Date,Price,Open,High,Low,Vol.,Volume,Change %
04/01/2025,71.34,71.41,72.09,71.12,195.50K,195500,-0.07%
03/31/2025,71.39,69.43,71.83,68.81,1.89K,1890,2.93%
03/28/2025,69.36,69.91,70.09,68.87,246.65K,246650,-0.80%
03/27/2025,69.92,69.96,69.97,69.12,211.83K,211830,0.39%
03/26/2025,69.65,69.16,70.22,69.06,262.41K,262410,0.94%
03/25/2025,69,69.16,69.68,68.52,258.41K,258410,-0.16%
03/24/2025,69.11,68.35,69.33,67.95,247.02K,247020,1.22%
03/21/2025,68.28,68.35,68.65,67.65,198.96K,198960,0.03%
03/20/2025,68.26,67.29,68.47,66.88,25.12K,25120,1.64%
03/19/2025,67.16,66.72,67.63,66.21,73.08K,73080,0.39%
03/18/2025,66.9,67.4,68.72,66.56,110.34K,110340,-0.70%
03/17/2025,67.37,67.1,68.1,67.01,210.19K,210190,0.69%
03/14/2025,66.91,66.48,67.19,66.33,161.84K,161840,0.97%
03/13/2025,66.27,67.38,67.65,66.08,212.01K,212010,-1.65%
03/12/2025,67.38,66.31,67.53,65.83,175.05K,175050,2.20%
03/11/2025,65.93,65.6,66.79,65,134.71K,134710,0.38%
03/10/2025,65.68,66.78,67.24,65.45,173.46K,173460,-2.03%
03/07/2025,67.04,66.34,68.22,66.12,329.71K,329710,1.02%
03/06/2025,66.36,66.39,67.09,65.59,341.63K,341630,0.08%
03/05/2025,66.31,68.08,68.1,65.22,382.49K,382490,-2.86%
03/04/2025,68.26,68.46,68.56,66.77,386.75K,386750,-0.16%
03/03/2025,68.37,69.95,70.6,67.89,332.75K,332750,-1.99%
02/28/2025,69.76,70.17,70.29,69.14,250.07K,250070,-0.84%
02/27/2025,70.35,68.82,70.54,68.61,265.93K,265930,2.52%
02/26/2025,68.62,69.11,69.28,68.36,255.60K,255600,-0.45%
02/25/2025,68.93,70.92,71.26,68.68,267.31K,267310,-2.50%
02/24/2025,70.7,69.8,70.94,69.8,205.47K,205470,0.43%
02/21/2025,70.4,72.58,72.77,70.17,268.47K,268470,-2.99%
02/20/2025,72.57,72.18,73.25,71.85,26.71K,26710,0.44%
02/19/2025,72.25,71.78,73.04,71.71,69.01K,69010,0.56%
02/18/2025,71.85,70.7,72.07,70.12,130.94K,130940,1.61%
02/14/2025,70.71,71.38,71.88,70.5,213.47K,213470,-0.60%
02/13/2025,71.14,71.08,71.46,70.16,220.02K,220020,-0.14%
02/12/2025,71.24,72.98,73,71.03,221.77K,221770,-2.52%
02/11/2025,73.08,72.11,73.33,72,195.49K,195490,1.49%
02/10/2025,72.01,70.77,72.2,70.61,160.44K,160440,1.42%
02/07/2025,71,70.56,71.41,70.47,273.77K,273770,0.55%
02/06/2025,70.61,71.18,71.85,70.43,299.04K,299040,-0.59%
02/05/2025,71.03,72.76,72.97,70.96,289.90K,289900,-2.30%
02/04/2025,72.7,72.35,73.35,70.67,452.96K,452960,-0.63%
02/03/2025,73.16,74.14,75.18,72.05,517.85K,517850,0.87%
01/31/2025,72.53,73.2,73.84,71.94,376.34K,376340,-0.27%
01/30/2025,72.73,73,73.84,72.02,336.48K,336480,0.15%
01/29/2025,72.62,73.95,74.08,72.33,312.73K,312730,-1.56%
01/28/2025,73.77,73.15,74.31,72.93,326.08K,326080,0.82%
01/27/2025,73.17,74.54,75.15,72.38,334.42K,334420,-2.00%
01/24/2025,74.66,74.3,75.21,74.01,319.68K,319680,0.05%
01/23/2025,74.62,75.39,76,74.14,350.69K,350690,-1.09%
01/22/2025,75.44,75.88,76.45,75.28,315.33K,315330,-0.59%
01/21/2025,75.89,78.19,78.47,75.49,28.41K,28410,-2.56%
01/17/2025,77.88,78.75,79.44,77.76,112.41K,112410,-1.02%
01/16/2025,78.68,80.4,80.59,77.87,159.95K,159950,-0.04%
01/15/2025,78.71,76.84,79.39,76.16,355.67K,355670,3.06%
01/14/2025,76.37,77.24,77.51,76.2,338.20K,338200,-1.20%
01/13/2025,77.3,75.68,77.64,75.67,493.44K,493440,2.05%
01/10/2025,75.75,73.57,76.89,73.33,448.29K,448290,3.43%
01/09/2025,73.24,72.66,73.61,72.2,162.00K,162000,0.78%
01/08/2025,72.67,73.81,74.44,72.51,261.48K,261480,-1.22%
01/07/2025,73.57,72.81,73.82,72.51,188.74K,188740,0.89%
01/06/2025,72.92,73.31,74.18,72.54,221.84K,221840,-0.40%
01/03/2025,73.21,72.46,73.5,72.1,220.66K,220660,0.98%
01/02/2025,72.5,71.45,73.12,71.31,182.49K,182490,1.75%
12/31/2024,71.25,70.69,71.52,70.43,63.63K,63630,1.02%
12/30/2024,70.53,70,71.05,69.75,93.10K,93100,0.50%
12/27/2024,70.18,69.27,70.32,69.06,79.13K,79130,1.37%
12/26/2024,69.23,69.72,70.25,68.94,69.64K,69640,-0.59%
12/24/2024,69.64,69.04,69.94,68.95,40.39K,40390,1.21%
12/23/2024,68.81,68.97,69.5,68.22,90.95K,90950,-0.30%
12/20/2024,69.02,68.83,69.38,68.05,114.62K,114620,-0.52%
12/19/2024,69.38,69.6,70.58,69.1,291.66K,291660,-0.91%
12/18/2024,70.02,69.82,70.8,69.39,326.61K,326610,0.53%
12/17/2024,69.65,70.23,70.54,68.81,280.90K,280900,-0.91%
12/16/2024,70.29,71,71,69.98,210.75K,210750,-0.75%
12/13/2024,70.82,69.64,70.94,69.51,201.26K,201260,1.67%
12/12/2024,69.66,69.97,70.27,68.74,231.02K,231020,-0.30%
12/11/2024,69.87,68.15,70.08,68.12,231.68K,231680,2.34%
12/10/2024,68.27,67.86,68.72,67.45,157.46K,157460,0.26%
12/09/2024,68.09,66.93,68.59,66.85,176.71K,176710,1.66%
12/06/2024,66.98,68.08,68.13,66.71,207.12K,207120,-1.44%
12/05/2024,67.96,68.38,68.77,67.66,129.14K,129140,-0.34%
12/04/2024,68.19,69.58,70.11,68.14,141.67K,141670,-1.94%
12/03/2024,69.54,67.89,69.83,67.65,134.42K,134420,2.51%
12/02/2024,67.84,67.77,68.83,67.44,95.00K,95000,0.18%
11/29/2024,67.72,68.39,69.32,67.6,106.39K,106390,-0.92%
11/27/2024,68.35,68.57,69.01,67.81,87.85K,87850,-0.13%
11/26/2024,68.44,68.7,69.91,67.73,98.59K,98590,-0.20%
11/25/2024,68.58,70.96,70.96,68.36,146.70K,146700,-3.09%
11/22/2024,70.77,69.85,71.02,68.96,209.42K,209420,1.43%
11/21/2024,69.77,68.83,70.09,68.62,131.44K,131440,1.48%
11/20/2024,68.75,69.28,69.96,68.64,235.64K,235640,-0.71%
11/19/2024,69.24,69.08,69.74,68.48,349.70K,349700,0.10%
11/18/2024,69.17,66.77,69.37,66.53,300.55K,300550,3.36%
11/15/2024,66.92,68.45,68.51,66.71,200.77K,200770,-2.35%
11/14/2024,68.53,67.97,69.24,67.77,176.09K,176090,0.40%
11/13/2024,68.26,67.82,68.69,66.8,254.21K,254210,0.43%
11/12/2024,67.97,68.04,68.97,67.65,181.18K,181180,0.07%
11/11/2024,67.92,69.99,70.3,67.79,215.31K,215310,-3.12%
11/08/2024,70.11,71.8,71.87,69.67,211.74K,211740,-2.57%
11/07/2024,71.96,71.41,72.41,70.27,187.30K,187300,1.01%
11/06/2024,71.24,71.57,72.18,69.35,158.53K,158530,-0.45%
11/05/2024,71.56,71.17,72.2,70.86,108.65K,108650,0.75%
11/04/2024,71.03,69.87,71.36,69.84,108.26K,108260,2.82%
11/01/2024,69.08,69.96,70.95,68.9,110.38K,110380,0.39%
10/31/2024,68.81,68.65,70.31,67.87,109.20K,109200,0.92%
10/30/2024,68.18,66.97,68.73,66.88,92.73K,92730,2.05%
10/29/2024,66.81,67.63,68.09,66.32,93.13K,93130,-0.25%
10/28/2024,66.98,68.58,68.6,66.59,141.39K,141390,-6.12%
10/25/2024,71.35,70.02,71.52,69.63,99.41K,99410,2.16%
10/24/2024,69.84,70.62,71.87,69.41,83.73K,83730,-0.75%
10/23/2024,70.37,70.94,71.29,69.76,119.31K,119310,-1.91%
10/22/2024,71.74,69.96,72.09,69.35,330.46K,330460,2.43%
10/21/2024,70.04,68.94,70.39,68.46,302.75K,302750,1.97%
10/18/2024,68.69,70.17,70.67,68.17,335.56K,335560,-2.00%
10/17/2024,70.09,70.11,70.53,68.89,228.84K,228840,0.39%
10/16/2024,69.82,70.39,70.69,69.12,181.55K,181550,-0.27%
10/15/2024,70.01,71.14,71.57,69.2,244.86K,244860,-4.41%
10/14/2024,73.24,74.26,74.35,71.24,174.47K,174470,-2.15%
10/11/2024,74.85,75,75.28,73.85,217.34K,217340,-0.35%
10/10/2024,75.11,72.73,75.45,72.62,206.39K,206390,3.47%
10/09/2024,72.59,73.27,73.82,71,228.02K,228020,-0.53%
10/08/2024,72.98,76.63,77.7,72.12,329.53K,329530,-4.56%
10/07/2024,76.47,73.76,76.7,73.01,257.21K,257210,3.79%
10/04/2024,73.68,73.35,74.84,72.94,262.04K,262040,0.70%
10/03/2024,73.17,70.49,73.51,70.08,275.08K,275080,4.99%
10/02/2024,69.69,70.3,71.95,69.45,241.14K,241140,0.43%
10/01/2024,69.39,68.05,71.36,65.99,353.03K,353030,2.39%
09/30/2024,67.77,68.08,68.83,67.14,189.29K,189290,0.15%
09/27/2024,67.67,66.95,68.13,66.58,169.90K,169900,0.71%
09/26/2024,67.19,69.3,69.47,66.49,274.69K,274690,-2.81%
09/25/2024,69.13,70.84,71.04,68.69,272.17K,272170,-2.41%
09/24/2024,70.84,69.96,71.6,69.69,167.02K,167020,1.77%
09/23/2024,69.61,70.43,70.94,68.73,185.35K,185350,-1.96%
09/20/2024,71,71.18,71.45,70.37,307.00K,307000,-0.22%
09/19/2024,71.16,69.15,71.53,69.13,354.93K,354930,1.83%
09/18/2024,69.88,69.98,70.31,68.58,367.19K,367190,-0.11%
09/17/2024,69.96,69.35,70.65,68.51,289.93K,289930,1.36%
09/16/2024,69.02,68.22,69.61,67.7,235.88K,235880,1.87%
09/13/2024,67.75,68.35,69.35,67.58,230.30K,230300,-0.59%
09/12/2024,68.15,66.68,68.93,66.55,221.59K,221590,2.33%
09/11/2024,66.6,65.73,67.14,64.99,237.20K,237200,2.24%
09/10/2024,65.14,67.97,68.3,64.61,257.97K,257970,-4.08%
09/09/2024,67.91,67.42,68.14,66.61,163.36K,163360,1.39%
09/06/2024,66.98,68.66,69.41,66.51,165.62K,165620,-2.22%
09/05/2024,68.5,68.52,70.01,68.13,210.22K,210220,-0.03%
09/04/2024,68.52,69.54,70.61,68.16,235.03K,235030,-1.54%
09/03/2024,69.59,72.64,73.35,69.37,231.78K,231780,-5.68%
09/02/2024,73.78,73,74.39,72.89,,0,1.10%
09/01/2024,72.98,73.33,73.42,72.97,,0,0.45%
08/30/2024,72.65,74.69,75.31,72.46,210.33K,210330,-2.71%
08/29/2024,74.67,73.31,75.51,72.92,224.37K,224370,1.67%
08/28/2024,73.44,74.71,74.88,72.92,131.59K,131590,-1.37%
08/27/2024,74.46,75.93,76.21,74.34,154.88K,154880,-2.24%
08/26/2024,76.17,74.13,76.4,74.08,209.30K,209300,3.03%
08/23/2024,73.93,72.21,74.17,72.12,131.32K,131320,2.28%
08/22/2024,72.28,71.36,72.77,71,143.77K,143770,1.37%
08/21/2024,71.3,72.42,73.39,70.88,178.98K,178980,-2.56%
08/20/2024,73.17,73.74,74.38,72.54,329.28K,329280,-0.67%
08/19/2024,73.66,75.47,75.73,73.45,422.10K,422100,-2.49%
08/16/2024,75.54,76.81,76.98,74.52,317.68K,317680,-1.88%
08/15/2024,76.99,76.07,77.38,75.7,237.54K,237540,1.52%
08/14/2024,75.84,77.1,77.52,75.66,344.94K,344940,-1.25%
08/13/2024,76.8,78.09,78.43,76.65,283.20K,283200,-2.12%
08/12/2024,78.46,75.62,78.54,75.44,244.98K,244980,3.77%
08/09/2024,75.61,74.86,75.79,74.7,143.83K,143830,0.76%
08/08/2024,75.04,74.37,75.27,73.53,205.55K,205550,1.17%
08/07/2024,74.17,72,74.73,71.75,215.90K,215900,2.53%
08/06/2024,72.34,73.14,73.77,71.46,175.21K,175210,0.19%
08/05/2024,72.2,73.26,73.53,70.88,228.05K,228050,-0.54%
08/02/2024,72.59,75.89,76.3,72.12,216.86K,216860,-3.73%
08/01/2024,75.4,77.47,77.72,75.32,182.47K,182470,-1.87%
07/31/2024,76.84,74.37,77.54,74.27,239.72K,239720,4.01%
07/30/2024,73.88,74.87,74.92,73.73,229.37K,229370,-1.23%
07/29/2024,74.8,76.02,76.52,74.34,178.81K,178810,-1.58%
07/26/2024,76,77.18,77.41,75.08,161.41K,161410,-1.44%
07/25/2024,77.11,76.43,77.28,75.05,224.03K,224030,0.69%
07/24/2024,76.58,76.35,77.08,75.93,184.20K,184200,0.87%
07/23/2024,75.92,77.15,77.63,75.45,191.99K,191990,-3.16%
07/22/2024,78.4,78.95,79.13,77.55,345.24K,345240,-0.31%
07/19/2024,78.64,80.88,81.34,78.59,427.06K,427060,-3.27%
07/18/2024,81.3,81.68,82.27,80.61,398.37K,398370,-0.17%
07/17/2024,81.44,79.82,81.63,79.43,419.58K,419580,2.17%
07/16/2024,79.71,80.85,80.87,79.22,272.20K,272200,-1.40%
07/15/2024,80.84,80.96,81.35,80.36,216.42K,216420,-0.22%
07/12/2024,81.02,81.55,82.29,80.91,276.67K,276670,-0.44%
07/11/2024,81.38,81.35,81.83,80.6,205.10K,205100,0.38%
07/10/2024,81.07,80.92,81.6,79.95,193.21K,193210,0.63%
07/09/2024,80.56,81.45,81.65,80.42,166.79K,166790,-1.18%
07/08/2024,81.52,82.36,82.5,81.29,143.02K,143020,-0.90%
07/05/2024,82.26,82.75,83.58,82.19,168.80K,168800,-2.00%
07/04/2024,83.94,83.61,84.2,83.03,,0,1.11%
07/03/2024,83.02,82.25,83.07,81.59,156.73K,156730,1.36%
07/02/2024,81.91,82.39,83.22,81.83,225.17K,225170,-0.50%
07/01/2024,82.32,80.56,82.58,80.49,214.49K,214490,2.08%
06/28/2024,80.64,80.96,81.78,80.15,110.62K,110620,-0.24%
06/27/2024,80.83,80.14,81.21,79.81,158.90K,158900,0.80%
06/26/2024,80.19,79.97,80.85,79.5,147.98K,147980,0.15%
06/25/2024,80.07,80.97,81.12,79.8,173.57K,173570,-0.98%
06/24/2024,80.86,79.77,80.99,79.52,158.61K,158610,1.13%
06/21/2024,79.96,80.44,80.94,79.59,163.22K,163220,-1.64%
06/20/2024,81.29,80.75,81.52,80.3,420.50K,420500,0.87%
06/19/2024,80.59,80.78,81.16,80.31,,0,-0.15%
06/18/2024,80.71,79.92,80.85,79.17,485.71K,485710,1.24%
06/17/2024,79.72,78.12,80.01,77.58,402.74K,402740,2.14%
06/14/2024,78.05,77.65,78.8,77.42,316.38K,316380,-0.27%
06/13/2024,78.26,78.01,78.54,77.35,301.73K,301730,0.14%
06/12/2024,78.15,77.8,78.94,77.56,209.18K,209180,0.77%
06/11/2024,77.55,77.65,77.99,76.86,202.57K,202570,0.28%
06/10/2024,77.33,74.97,77.85,74.94,181.84K,181840,2.81%
06/07/2024,75.22,75.38,75.9,74.93,139.59K,139590,-0.03%
06/06/2024,75.24,74.03,75.47,73.82,145.06K,145060,1.92%
06/05/2024,73.82,72.72,74.07,72.69,159.60K,159600,1.04%
06/04/2024,73.06,73.89,73.99,72.44,209.68K,209680,-1.39%
06/03/2024,74.09,76.73,77.23,73.84,219.93K,219930,-3.44%
05/31/2024,76.73,77.5,78.27,76.37,157.56K,157560,-1.04%
05/30/2024,77.54,78.87,78.97,77.3,176.67K,176670,-1.60%
05/29/2024,78.8,79.78,80.11,78.57,123.48K,123480,-0.69%
05/28/2024,79.35,77.36,79.79,77.24,121.48K,121480,0.89%
05/27/2024,78.65,77.84,78.8,77.75,,0,1.84%
05/24/2024,77.23,76.62,77.55,75.75,139.52K,139520,1.01%
05/23/2024,76.46,76.9,78.21,76.03,125.72K,125720,-0.89%
05/22/2024,77.15,77.9,78.03,76.85,139.45K,139450,-1.92%
05/21/2024,78.66,79.23,79.3,77.65,371.67K,371670,-0.81%
05/20/2024,79.3,79.58,80.11,78.67,342.09K,342090,-0.35%
05/17/2024,79.58,78.92,79.66,78.58,321.03K,321030,1.07%
05/16/2024,78.74,78.36,79.3,77.75,277.25K,277250,0.74%
05/15/2024,78.16,78.03,78.43,76.36,299.56K,299560,0.66%
05/14/2024,77.65,78.72,78.86,77.26,259.53K,259530,-1.21%
05/13/2024,78.6,77.76,78.99,77.35,200.28K,200280,0.98%
05/10/2024,77.84,79.11,79.47,77.73,164.35K,164350,-1.22%
05/09/2024,78.8,78.79,79.32,78.46,184.46K,184460,0.31%
05/08/2024,78.56,77.96,78.8,76.63,228.44K,228440,0.64%
05/07/2024,78.06,78.39,78.8,77.29,192.57K,192570,-0.10%
05/06/2024,78.14,77.88,78.68,77.56,152.59K,152590,0.49%
05/03/2024,77.76,78.61,79.17,77.62,217.26K,217260,-0.92%
05/02/2024,78.48,78.6,79.34,77.91,174.67K,174670,0.05%
05/01/2024,78.44,80.86,80.9,78.28,235.28K,235280,-3.49%
04/30/2024,81.28,82.16,82.65,80.34,233.66K,233660,-0.91%
04/29/2024,82.03,82.99,83.19,81.81,170.81K,170810,-1.32%
04/26/2024,83.13,82.97,83.63,82.59,98.78K,98780,0.46%
04/25/2024,82.75,82.09,83,81.27,132.56K,132560,0.80%
04/24/2024,82.09,82.6,82.9,81.71,142.45K,142450,-0.57%
04/23/2024,82.56,81.43,82.62,80.25,172.23K,172230,0.81%
04/22/2024,81.9,81.84,82.29,80.7,313.91K,313910,-0.39%
04/19/2024,82.22,81.99,85.64,81.13,556.46K,556460,0.15%
04/18/2024,82.1,82.28,82.84,81.06,366.75K,366750,-0.06%
04/17/2024,82.15,84.82,84.97,82.01,387.63K,387630,-3.16%
04/16/2024,84.83,85.16,85.6,84.22,217.44K,217440,-0.04%
04/15/2024,84.86,84.99,85.5,83.49,253.34K,253340,-0.26%
04/12/2024,85.08,85,86.97,84.67,245.33K,245330,0.75%
04/11/2024,84.45,85.6,85.89,84.25,249.97K,249970,-1.16%
04/10/2024,85.44,84.57,85.6,83.86,233.96K,233960,1.16%
04/09/2024,84.46,85.69,86.07,84.29,198.56K,198560,-1.25%
04/08/2024,85.53,85.19,86.21,83.93,207.99K,207990,-0.66%
04/05/2024,86.1,85.98,86.83,85.62,211.84K,211840,0.34%
04/04/2024,85.81,84.82,86.41,83.94,218.70K,218700,1.42%
04/03/2024,84.61,84.54,85.27,83.99,190.90K,190900,0.46%
04/02/2024,84.22,83.14,84.56,82.96,197.83K,197830,1.69%
04/01/2024,82.82,82.36,83.46,81.84,199.89K,199890,0.49%
03/28/2024,82.42,81.11,82.46,80.91,148.49K,148490,2.03%
03/27/2024,80.78,80.71,81.12,79.99,109.07K,109070,-0.32%
03/26/2024,81.04,81.44,81.77,80.63,118.75K,118750,-0.42%
03/25/2024,81.38,80.4,81.84,80.13,153.14K,153140,1.51%
03/22/2024,80.17,80.39,80.97,79.99,103.44K,103440,-0.58%
03/21/2024,80.64,81,81.38,79.91,115.75K,115750,-0.78%
03/20/2024,81.27,82.53,82.65,80.83,351.16K,351160,-1.76%
03/19/2024,82.73,82.21,83.12,81.81,341.70K,341700,0.69%
03/18/2024,82.16,80.58,82.5,80.56,323.92K,323920,1.96%
03/15/2024,80.58,80.58,80.89,80.01,215.80K,215800,-0.20%
03/14/2024,80.74,79.24,81.03,79.15,248.80K,248800,1.82%
03/13/2024,79.3,77.72,79.46,77.31,209.24K,209240,2.65%
03/12/2024,77.25,77.71,78.31,77.01,178.80K,178800,-0.36%
03/11/2024,77.53,77.24,78.03,76.43,175.74K,175740,0.04%
03/08/2024,77.5,78.77,79.29,77.05,175.73K,175730,-1.05%
03/07/2024,78.32,78.41,78.89,77.47,215.58K,215580,-0.11%
03/06/2024,78.41,77.44,79.69,77.25,200.04K,200040,1.29%
03/05/2024,77.41,78.19,78.64,77.05,220.43K,220430,-0.97%
03/04/2024,78.17,79.24,79.53,77.93,154.86K,154860,-1.16%
03/01/2024,79.09,77.49,79.87,77.3,175.93K,175930,2.12%
02/29/2024,77.45,77.5,78.35,77.2,154.80K,154800,-0.49%
02/28/2024,77.83,77.88,78.83,77.17,142.99K,142990,-0.51%
02/27/2024,78.23,77.11,78.33,76.67,98.88K,98880,1.48%
02/26/2024,77.09,76.04,77.55,75.5,117.05K,117050,1.33%
02/23/2024,76.08,77.71,77.74,75.89,134.05K,134050,-2.37%
02/22/2024,77.93,77.46,78.17,76.62,145.39K,145390,0.80%
02/21/2024,77.31,76.74,77.45,75.95,133.71K,133710,0.35%
02/20/2024,77.04,78.34,78.56,76.8,435.24K,435240,-1.37%
02/19/2024,78.11,78.16,78.56,77.64,,0,-0.45%
02/16/2024,78.46,77.63,78.52,76.69,451.36K,451360,1.12%
02/15/2024,77.59,76.33,78.07,75.52,342.33K,342330,1.61%
02/14/2024,76.36,77.48,78.43,76.12,276.33K,276330,-1.55%
02/13/2024,77.56,76.9,78.1,76.77,253.50K,253500,0.96%
02/12/2024,76.82,76.54,77,75.49,169.64K,169640,0.07%
02/09/2024,76.77,76.32,77.17,75.88,172.00K,172000,0.76%
02/08/2024,76.19,74.12,76.49,73.65,229.89K,229890,3.08%
02/07/2024,73.91,73.53,74.25,73.29,133.42K,133420,0.74%
02/06/2024,73.37,72.81,73.88,72.48,123.62K,123620,0.71%
02/05/2024,72.85,72.7,73.3,71.49,151.30K,151300,0.76%
02/02/2024,72.3,73.9,74.46,71.84,216.06K,216060,-2.02%
02/01/2024,73.79,75.54,76.75,73.68,238.84K,238840,-2.54%
01/31/2024,75.71,77.66,77.91,75.38,104.94K,104940,-2.50%
01/30/2024,77.65,76.75,77.95,75.73,118.71K,118710,1.28%
01/29/2024,76.67,78.72,79.09,76.3,103.54K,103540,-1.53%
01/26/2024,77.86,77.1,78.09,75.92,135.88K,135880,0.87%
01/25/2024,77.19,75.3,77.32,75.05,89.28K,89280,2.95%
01/24/2024,74.98,74.47,75.7,73.85,100.36K,100360,0.96%
01/23/2024,74.27,74.62,75.1,73.35,107.72K,107720,-0.66%
01/22/2024,74.76,73.6,75.46,72.56,372.28K,372280,2.06%
01/19/2024,73.25,73.92,74.63,72.99,360.03K,360030,-0.95%
01/18/2024,73.95,72.73,74.19,72.1,396.28K,396280,2.03%
01/17/2024,72.48,72.11,72.86,70.62,348.48K,348480,-0.06%
01/16/2024,72.52,72.73,73.68,71.39,312.94K,312940,-0.37%
01/15/2024,72.79,72.69,73.09,71.41,,0,0.00%
01/12/2024,72.79,73.16,75.28,72.48,244.20K,244200,0.97%
01/11/2024,72.09,71.35,73.81,71.24,240.34K,240340,0.91%
01/10/2024,71.44,72.2,73.55,71.09,198.04K,198040,-1.18%
01/09/2024,72.29,70.92,72.99,70.63,204.37K,204370,1.93%
01/08/2024,70.92,73.6,73.98,70.25,193.27K,193270,-3.98%
01/05/2024,73.86,72.51,74.3,72.35,164.95K,164950,2.07%
01/04/2024,72.36,73.2,74.12,71.24,144.60K,144600,-0.73%
01/03/2024,72.89,70.77,73.36,69.56,129.06K,129060,3.21%
01/02/2024,70.62,71.9,73.8,70.32,108.52K,108520,-1.88%
01/01/2024,71.97,71.67,72.24,71.67,,0,0.18%
12/29/2023,71.84,72.15,72.8,71.47,63.48K,63480,-0.18%
12/28/2023,71.97,74.04,74.62,71.92,94.29K,94290,-3.19%
12/27/2023,74.34,75.57,75.81,74.01,80.38K,80380,-1.81%
12/26/2023,75.71,73.74,76.31,73.32,56.76K,56760,2.60%
12/25/2023,73.79,73.49,73.94,73.48,,0,0.08%
12/22/2023,73.73,74.07,75.11,73.55,76.79K,76790,-0.45%
12/21/2023,74.06,73.99,74.78,72.65,81.11K,81110,-0.52%
12/20/2023,74.45,74.31,75.56,73.87,98.97K,98970,0.69%
12/19/2023,73.94,72.93,74.45,72.14,230.04K,230040,1.54%
12/18/2023,72.82,72.05,74.61,70.99,354.89K,354890,1.45%
12/15/2023,71.78,71.91,72.56,70.64,262.87K,262870,-0.18%
12/14/2023,71.91,70.08,72.73,69.82,224.16K,224160,3.14%
12/13/2023,69.72,68.99,70.15,67.98,185.24K,185240,1.26%
12/12/2023,68.85,71.67,72.2,68.49,189.45K,189450,-3.79%
12/11/2023,71.56,71.36,72.03,70.61,119.85K,119850,0.17%
12/08/2023,71.44,70,71.81,69.75,124.73K,124730,2.66%
12/07/2023,69.59,69.57,70.7,69.08,144.37K,144370,-0.09%
12/06/2023,69.65,72.33,72.84,69.39,183.91K,183910,-3.97%
12/05/2023,72.53,73.59,74.34,72.24,142.71K,142710,-1.08%
12/04/2023,73.32,74.76,75.2,72.87,158.42K,158420,-1.25%
12/01/2023,74.25,75.71,76.81,74.13,127.63K,127630,-2.37%
11/30/2023,76.05,77.79,79.67,75.16,209.44K,209440,-2.49%
11/29/2023,77.99,76.67,78.18,75.87,112.41K,112410,1.83%
11/28/2023,76.59,75.32,77.13,74.88,121.44K,121440,2.00%
11/27/2023,75.09,75.57,76.42,74.35,84.35K,84350,-0.90%
11/24/2023,75.77,76.94,77.25,75.32,74.98K,74980,-0.75%
11/23/2023,76.34,76.69,76.81,75.31,,0,-1.18%
11/22/2023,77.25,77.92,78.11,73.98,99.86K,99860,-0.86%
11/21/2023,77.92,77.69,78.04,77.04,69.05K,69050,0.12%
11/20/2023,77.83,75.8,78.46,75.41,270.64K,270640,2.35%
11/17/2023,76.04,73.11,76.19,72.91,368.48K,368480,4.04%
11/16/2023,73.09,76.71,76.8,72.37,428.82K,428820,-4.82%
11/15/2023,76.79,78.1,78.69,76.45,253.17K,253170,-1.77%
11/14/2023,78.17,78.48,79.65,77.73,166.18K,166180,-0.03%
11/13/2023,78.19,77.18,78.54,76.19,157.42K,157420,1.35%
11/10/2023,77.15,75.65,77.71,75.36,159.39K,159390,1.85%
11/09/2023,75.75,75.63,77.12,75.18,172.86K,172860,0.58%
11/08/2023,75.31,77.03,77.43,74.92,219.20K,219200,-2.46%
11/07/2023,77.21,80.69,80.79,76.99,198.96K,198960,-4.21%
11/06/2023,80.6,80.76,81.9,80.33,131.58K,131580,0.46%
11/03/2023,80.23,82.25,83.2,79.84,213.05K,213050,-2.35%
11/02/2023,82.16,80.44,82.44,80.01,158.21K,158210,2.57%
11/01/2023,80.1,80.98,82.82,79.96,160.14K,160140,-0.50%
10/31/2023,80.5,81.96,82.77,80.26,135.89K,135890,-1.44%
10/30/2023,81.68,84.25,84.39,81.16,119.75K,119750,-3.57%
10/27/2023,84.7,82.88,85,82.41,101.15K,101150,2.62%
10/26/2023,82.54,84.58,84.85,81.97,107.55K,107550,-2.54%
10/25/2023,84.69,82.99,84.85,81.44,141.32K,141320,2.07%
10/24/2023,82.97,85.05,85.22,82.16,136.15K,136150,-1.72%
10/23/2023,84.42,86.69,87,84.3,101.18K,101180,-4.16%
10/20/2023,88.08,89.09,89.85,87.53,311.92K,311920,-0.33%
10/19/2023,88.37,87.22,89.54,85.44,384.03K,384030,1.26%
10/18/2023,87.27,86.41,88.57,86.25,384.53K,384530,2.14%
10/17/2023,85.44,85.69,86.44,84.39,229.52K,229520,0.21%
10/16/2023,85.26,86.37,86.94,85,205.58K,205580,-1.26%
10/13/2023,86.35,82.27,86.51,82.17,290.38K,290380,5.56%
10/12/2023,81.8,81.84,83.75,81.31,296.21K,296210,-0.33%
10/11/2023,82.07,84.16,84.72,81.63,286.84K,286840,-2.45%
10/10/2023,84.13,84.7,84.94,83.39,246.75K,246750,-0.56%
10/09/2023,84.6,83.2,85.56,82.95,246.68K,246680,4.08%
10/06/2023,81.28,81.05,81.69,80.2,277.71K,277710,0.58%
10/05/2023,80.81,82.85,83.23,80.61,234.18K,234180,-2.11%
10/04/2023,82.55,87.44,87.76,82.5,217.23K,217230,-5.59%
10/03/2023,87.44,87.01,88.25,86.17,204.06K,204060,0.31%
10/02/2023,87.17,88.83,89.89,86.83,161.57K,161570,-1.84%
09/29/2023,88.8,89.7,90.96,88.45,156.93K,156930,-0.88%
09/28/2023,89.59,91.44,92.48,89.31,226.83K,226830,-1.87%
09/27/2023,91.3,88.92,91.73,88.8,293.27K,293270,2.84%
09/26/2023,88.78,88.3,89.09,86.74,137.24K,137240,0.69%
09/25/2023,88.17,88.83,89.07,87.52,161.52K,161520,-0.20%
09/22/2023,88.35,88.27,89.65,87.82,253.89K,253890,0.03%
09/21/2023,88.32,88.07,89.5,87.15,162.03K,162030,-1.49%
09/20/2023,89.66,90.63,91.07,88.97,457.85K,457850,-0.91%
09/19/2023,90.48,90.97,92.43,90.31,537.52K,537520,-0.11%
09/18/2023,90.58,90.41,91.36,89.91,414.19K,414190,0.62%
09/15/2023,90.02,90.07,90.56,88.65,321.84K,321840,0.46%
09/14/2023,89.61,88.19,90.2,88.04,257.68K,257680,1.97%
09/13/2023,87.88,88.07,88.92,87.66,250.86K,250860,-0.32%
09/12/2023,88.16,86.62,88.62,86.58,217.68K,217680,1.73%
09/11/2023,86.66,86.74,87.49,86.12,179.00K,179000,-0.17%
09/08/2023,86.81,86.01,87.2,85.49,125.62K,125620,0.77%
09/07/2023,86.15,86.8,86.99,85.68,111.07K,111070,-0.74%
09/06/2023,86.79,86.02,87.27,85.31,135.35K,135350,0.91%
09/05/2023,86.01,85.19,87.25,84.29,154.05K,154050,0.22%
09/04/2023,85.82,85.85,86.14,85.28,,0,-0.03%
09/03/2023,85.85,86.06,86.06,85.73,,0,1.30%
09/01/2023,84.75,82.9,85.19,82.78,169.83K,169830,2.16%
08/31/2023,82.96,81.14,83.02,81,150.23K,150230,2.27%
08/30/2023,81.12,80.78,81.54,80.43,80.26K,80260,0.55%
08/29/2023,80.68,79.55,80.91,78.94,88.15K,88150,1.27%
08/28/2023,79.67,79.69,80.44,79.25,71.33K,71330,0.23%
08/25/2023,79.49,78.49,79.98,77.82,165.22K,165220,1.06%
08/24/2023,78.66,78.3,78.95,77.32,149.90K,149900,0.09%
08/23/2023,78.59,79.35,79.6,77.34,127.19K,127190,-1.32%
08/22/2023,79.64,80.25,80.37,79.46,287.49K,287490,-0.60%
08/21/2023,80.12,80.76,81.75,79.97,361.84K,361840,-0.67%
08/18/2023,80.66,79.58,80.97,79.02,377.45K,377450,0.95%
08/17/2023,79.9,78.91,80.61,78.6,239.17K,239170,1.11%
08/16/2023,79.02,80.74,80.97,78.68,237.71K,237710,-1.84%
08/15/2023,80.5,81.98,82.33,79.95,198.94K,198940,-1.73%
08/14/2023,81.92,82.46,82.51,81.19,126.69K,126690,-0.79%
08/11/2023,82.57,82.33,83.16,81.75,174.30K,174300,0.34%
08/10/2023,82.29,83.51,84.16,82.04,166.86K,166860,-1.67%
08/09/2023,83.69,82.34,83.91,82.11,279.75K,279750,1.61%
08/08/2023,82.36,82.04,82.52,79.52,187.84K,187840,1.07%
08/07/2023,81.49,82.27,82.73,81.08,123.01K,123010,-0.95%
08/04/2023,82.27,81.22,82.66,81.04,108.12K,108120,1.47%
08/03/2023,81.08,79.4,81.4,78.33,150.29K,150290,2.46%
08/02/2023,79.13,81.54,81.95,78.68,135.80K,135800,-2.21%
08/01/2023,80.92,81.25,81.74,80.17,105.36K,105360,-0.49%
07/31/2023,81.32,80.23,81.5,79.72,92.51K,92510,1.42%
07/28/2023,80.18,79.33,80.29,78.67,101.33K,101330,0.69%
07/27/2023,79.63,78.49,80.08,78.47,138.78K,138780,1.57%
07/26/2023,78.4,78.88,79.31,78.17,112.97K,112970,-1.01%
07/25/2023,79.2,78.47,79.46,77.93,122.79K,122790,1.02%
07/24/2023,78.4,76.62,78.89,76.16,109.57K,109570,2.11%
07/21/2023,76.78,75.45,76.98,75.45,106.73K,106730,1.49%
07/20/2023,75.65,75.33,76.15,74.52,340.96K,340960,0.48%
07/19/2023,75.29,75.75,76.87,75.02,385.60K,385600,-0.49%
07/18/2023,75.66,74.08,75.9,73.82,388.37K,388370,2.13%
07/17/2023,74.08,74.88,76,73.78,248.26K,248260,-1.65%
07/14/2023,75.32,77.02,77.11,75.06,204.78K,204780,-1.88%
07/13/2023,76.76,75.64,77.15,75.23,297.92K,297920,1.62%
07/12/2023,75.54,74.7,75.94,74.53,251.40K,251400,1.11%
07/11/2023,74.71,73.13,74.82,72.94,193.29K,193290,2.41%
07/10/2023,72.95,73.76,74.06,72.63,143.74K,143740,-1.11%
07/07/2023,73.77,71.85,73.82,71.22,178.32K,178320,2.76%
07/06/2023,71.79,71.85,72.37,70.28,217.75K,217750,-0.13%
07/05/2023,71.88,70.25,72.25,70.03,214.79K,214790,1.15%
07/04/2023,71.06,70.08,71.34,69.91,,0,1.64%
07/03/2023,69.91,70.61,71.88,69.82,107.16K,107160,-1.23%
06/30/2023,70.78,69.95,71.17,69.69,136.64K,136640,1.09%
06/29/2023,70.02,69.37,70.73,69.11,106.17K,106170,0.42%
06/28/2023,69.73,68.2,69.9,67.27,159.54K,159540,2.70%
06/27/2023,67.9,69.63,70.29,67.71,170.46K,170460,-2.36%
06/26/2023,69.54,69.93,70.24,68.88,94.21K,94210,0.32%
06/23/2023,69.32,69.66,69.77,67.52,113.92K,113920,-0.45%
06/22/2023,69.63,72.4,72.62,69.07,234.79K,234790,-3.99%
06/21/2023,72.52,70.86,72.69,70.8,97.51K,97510,1.87%
06/20/2023,71.19,71.69,72.38,69.76,430.49K,430490,-0.17%
06/19/2023,71.31,71.47,72.25,70.83,,0,-0.22%
06/18/2023,71.47,71.59,71.67,71.42,,0,-0.64%
06/16/2023,71.93,70.81,72.03,70.18,297.84K,297840,1.58%
06/15/2023,70.81,68.92,71.15,68.14,262.83K,262830,3.43%
06/14/2023,68.46,69.51,70.64,68.26,212.22K,212220,-1.61%
06/13/2023,69.58,67.45,69.97,67.31,253.16K,253160,3.40%
06/12/2023,67.29,70.42,70.49,66.96,223.62K,223620,-4.32%
06/09/2023,70.33,71.11,71.93,70.26,160.29K,160290,-1.55%
06/08/2023,71.44,72.57,73.37,69.21,236.21K,236210,-1.65%
06/07/2023,72.64,71.7,73.29,71.14,109.56K,109560,1.10%
06/06/2023,71.85,72.09,72.42,70.29,118.29K,118290,-0.57%
06/05/2023,72.26,75.1,75.7,71.85,148.98K,148980,0.58%
06/02/2023,71.84,70.25,72.24,70.1,110.94K,110940,2.34%
06/01/2023,70.2,67.81,71.14,67.67,135.27K,135270,2.87%
05/31/2023,68.24,69.67,69.81,67.21,157.34K,157340,-1.95%
05/30/2023,69.6,73.22,73.62,69.16,117.50K,117500,-4.49%
05/29/2023,72.87,73.22,73.55,72.05,,0,-0.48%
05/28/2023,73.22,73.11,73.45,73.06,,0,0.63%
05/26/2023,72.76,71.99,73.12,71.59,77.58K,77580,1.15%
05/25/2023,71.93,74.18,74.34,71.03,154.73K,154730,-3.18%
05/24/2023,74.29,73.68,74.65,73.09,121.83K,121830,1.98%
05/23/2023,72.85,72,73.72,71.63,92.34K,92340,1.11%
05/22/2023,72.05,71.87,72.53,70.67,263.98K,263980,0.50%
05/19/2023,71.69,72.06,73.58,71.18,312.43K,312430,-0.35%
05/18/2023,71.94,72.82,72.97,71.52,239.92K,239920,-1.30%
05/17/2023,72.89,70.6,73.3,70.05,219.09K,219090,2.89%
05/16/2023,70.84,71.28,71.76,70.44,153.07K,153070,-0.35%
05/15/2023,71.09,70.02,71.67,69.39,159.52K,159520,1.53%
05/12/2023,70.02,71.47,71.74,69.93,115.90K,115900,-1.21%
05/11/2023,70.88,72.54,73.47,70.65,172.29K,172290,-2.26%
05/10/2023,72.52,73.48,73.81,71.78,172.14K,172140,-1.49%
05/09/2023,73.62,72.72,73.69,71.28,135.29K,135290,0.75%
05/08/2023,73.07,71.27,73.56,70.96,125.43K,125430,2.53%
05/05/2023,71.27,68.63,71.72,68.46,115.12K,115120,4.03%
05/04/2023,68.51,68.27,69.76,63.9,160.32K,160320,-0.06%
05/03/2023,68.55,71.43,71.67,67.9,188.01K,188010,-4.19%
05/02/2023,71.55,75.55,75.96,71.32,152.45K,152450,-5.24%
05/01/2023,75.51,76.47,76.49,74.4,64.06K,64060,-1.44%
04/28/2023,76.61,74.71,76.74,73.8,111.02K,111020,2.72%
04/27/2023,74.58,74.3,75.12,73.88,125.42K,125420,0.53%
04/26/2023,74.19,76.93,77.7,73.94,180.08K,180080,-3.49%
04/25/2023,76.87,78.55,78.9,76.33,134.66K,134660,-2.20%
04/24/2023,78.6,77.82,79,76.57,103.04K,103040,1.15%
04/21/2023,77.71,76.85,78.14,76.49,109.19K,109190,0.44%
04/20/2023,77.37,79.03,79.07,76.97,361.41K,361410,-2.36%
04/19/2023,79.24,80.96,81.24,78.53,350.78K,350780,-2.05%
04/18/2023,80.9,81,81.52,79.91,311.78K,311780,0.09%
04/17/2023,80.83,82.42,82.62,80.46,229.97K,229970,-1.94%
04/14/2023,82.43,82.3,82.99,81.64,205.48K,205480,0.48%
04/13/2023,82.04,83.07,83.27,82,155.56K,155560,-1.26%
04/12/2023,83.09,81.38,83.38,81.21,220.62K,220620,1.96%
04/11/2023,81.49,79.87,81.55,79.4,158.75K,158750,2.16%
04/10/2023,79.77,80.5,81.19,79.65,120.66K,120660,-1.13%
04/06/2023,80.68,80.45,80.97,79.69,103.59K,103590,0.06%
04/05/2023,80.63,81.01,81.25,79.75,109.75K,109750,-0.11%
04/04/2023,80.72,80.49,81.81,79.64,148.22K,148220,0.35%
04/03/2023,80.44,80.6,81.77,79.04,287.98K,287980,6.12%
03/31/2023,75.8,74.44,75.83,73.89,125.24K,125240,1.76%
03/30/2023,74.49,73.07,74.72,72.76,99.83K,99830,1.87%
03/29/2023,73.12,73.74,74.48,72.92,133.99K,133990,-0.30%
03/28/2023,73.34,72.93,74.04,72.33,138.51K,138510,0.56%
03/27/2023,72.93,69.75,73.2,69.27,125.01K,125010,5.07%
03/24/2023,69.41,69.67,70.53,67.02,153.65K,153650,-1.01%
03/23/2023,70.12,70.07,71.79,69.3,166.52K,166520,-1.27%
03/22/2023,71.02,69.57,71.43,69.03,148.11K,148110,1.94%
03/21/2023,69.67,67.83,69.77,66.9,409.50K,409500,2.73%
03/20/2023,67.82,66.9,67.9,64.36,418.54K,418540,1.33%
03/17/2023,66.93,68.47,69.83,65.38,482.49K,482490,-2.32%
03/16/2023,68.52,68.38,69.53,65.89,251.50K,251500,1.15%
03/15/2023,67.74,71.69,72.71,65.79,356.42K,356420,-5.25%
03/14/2023,71.49,74.77,75.02,70.94,216.69K,216690,-4.57%
03/13/2023,74.91,76.77,77.56,72.44,167.40K,167400,-2.44%
03/10/2023,76.78,75.78,77.2,74.92,143.19K,143190,1.24%
03/09/2023,75.84,76.65,78.17,75.57,147.72K,147720,-1.26%
03/08/2023,76.81,77.36,77.88,76.26,136.03K,136030,-1.17%
03/07/2023,77.72,80.59,81.04,77.18,163.00K,163000,-3.53%
03/06/2023,80.56,80.04,80.72,78.44,80.13K,80130,0.97%
03/03/2023,79.79,78.02,80,76,99.09K,99090,1.89%
03/02/2023,78.31,77.9,78.72,77.39,61.37K,61370,0.62%
03/01/2023,77.83,76.93,78,76.3,104.50K,104500,0.83%
02/28/2023,77.19,75.87,77.93,75.68,88.93K,88930,1.82%
02/27/2023,75.81,76.61,76.95,75.14,79.74K,79740,-0.86%
02/24/2023,76.47,75.85,76.75,74.3,101.33K,101330,1.15%
02/23/2023,75.6,74.19,76.17,74.07,99.17K,99170,1.90%
02/22/2023,74.19,76.29,76.72,74.05,98.82K,98820,-2.84%
02/21/2023,76.36,76.64,77.74,75.9,402.35K,402350,-1.22%
02/20/2023,77.3,76.69,77.74,76.33,,0,0.82%
02/19/2023,76.67,76.69,76.82,76.53,,0,0.16%
02/17/2023,76.55,78.35,78.5,75.32,343.63K,343630,-2.78%
02/16/2023,78.74,78.68,79.76,78.18,204.09K,204090,-0.11%
02/15/2023,78.83,79.04,79.37,77.47,150.59K,150590,-0.52%
02/14/2023,79.24,79.5,79.84,77.71,192.27K,192270,-1.36%
02/13/2023,80.33,80.05,80.78,78.67,155.59K,155590,0.51%
02/10/2023,79.92,77.81,80.5,77.68,151.98K,151980,2.11%
02/09/2023,78.27,78.69,79.04,76.76,132.72K,132720,-0.53%
02/08/2023,78.69,77.7,78.78,77.32,155.18K,155180,1.68%
02/07/2023,77.39,74.83,77.82,74.71,186.67K,186670,3.92%
02/06/2023,74.47,73.64,74.87,72.64,120.92K,120920,0.99%
02/03/2023,73.74,76.25,78.28,73.47,126.22K,126220,-3.23%
02/02/2023,76.2,77.06,77.54,75.3,94.84K,94840,-0.69%
02/01/2023,76.73,79.35,80.01,76.37,113.87K,113870,-3.08%
01/31/2023,79.17,78.19,79.53,76.85,88.38K,88380,1.27%
01/30/2023,78.18,80.12,80.78,77.96,101.70K,101700,-2.23%
01/27/2023,79.96,81.44,82.69,79.32,123.92K,123920,-1.62%
01/26/2023,81.28,80.44,82.38,80.21,98.18K,98180,1.04%
01/25/2023,80.44,80.44,81.5,79.77,101.06K,101060,0.00%
01/24/2023,80.44,81.94,82.51,79.98,93.04K,93040,-1.82%
01/23/2023,81.93,82.12,82.89,81.32,104.29K,104290,0.36%
01/20/2023,81.64,80.84,81.91,79.91,300.15K,300150,1.28%
01/19/2023,80.61,79.43,81.49,78.45,321.13K,321130,1.02%
01/18/2023,79.8,81.34,82.66,79.21,326.23K,326230,-0.81%
01/17/2023,80.45,80.34,81.51,78.8,267.91K,267910,1.78%
01/16/2023,79.04,79.78,79.92,78.8,,0,-0.93%
01/15/2023,79.78,80.17,80.19,79.78,,0,-0.41%
01/13/2023,80.11,78.58,80.37,78.23,189.32K,189320,1.86%
01/12/2023,78.65,77.9,79.37,77.35,188.06K,188060,1.25%
01/11/2023,77.68,75.06,78.06,74.56,179.83K,179830,3.06%
01/10/2023,75.37,75.16,76.16,74.16,164.98K,164980,0.60%
01/09/2023,74.92,73.87,76.97,73.79,154.20K,154200,1.19%
01/06/2023,74.04,74.18,75.71,73.52,95.22K,95220,0.16%
01/05/2023,73.92,73.51,75.15,72.74,112.45K,112450,1.12%
01/04/2023,73.1,77.41,77.62,73.01,149.77K,149770,-5.21%
01/03/2023,77.12,80.66,81.62,76.81,139.84K,139840,-4.16%
01/02/2023,80.47,80.57,80.61,80.18,,0,0.02%
12/30/2022,80.45,78.75,80.81,77.85,72.81K,72810,2.48%
12/29/2022,78.5,79.01,79.01,76.94,53.32K,53320,-0.73%
12/28/2022,79.08,80.02,80.02,77.45,62.68K,62680,-0.70%
12/27/2022,79.64,79.99,81.21,79.28,67.69K,67690,-1.64%
12/26/2022,80.97,79.92,81.06,79.92,,0,1.67%
12/23/2022,79.64,78.14,80.19,77.87,79.46K,79460,2.87%
12/22/2022,77.42,78.28,79.77,77.01,62.70K,62700,-1.05%
12/21/2022,78.24,76,78.56,75.81,65.19K,65190,2.64%
12/20/2022,76.23,75.77,76.96,74.46,254.79K,254790,1.13%
12/19/2022,75.38,74.62,76.64,74.03,257.46K,257460,1.24%
12/16/2022,74.46,76.33,76.58,73.4,271.86K,271860,-2.22%
12/15/2022,76.15,77.4,77.83,75.41,188.50K,188500,-1.50%
12/14/2022,77.31,75.22,77.76,74.96,185.52K,185520,2.48%
12/13/2022,75.44,73.43,76.3,73.33,190.74K,190740,2.95%
12/12/2022,73.28,72.02,74,70.48,148.97K,148970,2.91%
12/09/2022,71.21,71.92,73,70.31,146.59K,146590,-0.52%
12/08/2022,71.58,72.65,75.19,71.27,245.39K,245390,-0.97%
12/07/2022,72.28,74.73,75.53,72.06,148.54K,148540,-2.93%
12/06/2022,74.46,77.46,78.05,73.62,120.67K,120670,-3.40%
12/05/2022,77.08,80.03,82.75,76.92,105.02K,105020,-3.71%
12/02/2022,80.05,81.35,82.12,79.73,96.43K,96430,-1.34%
12/01/2022,81.14,80.61,83.27,80.07,116.20K,116200,0.60%
11/30/2022,80.66,78.98,81.41,78.48,90.29K,90290,3.04%
11/29/2022,78.28,76.66,79.73,76.4,109.11K,109110,1.23%
11/28/2022,77.33,76.19,77.89,73.77,132.62K,132620,1.18%
11/25/2022,76.43,77.57,79.92,76.37,59.52K,59520,-1.95%
11/24/2022,77.95,77.53,78.19,76.92,,0,-0.15%
11/23/2022,78.07,80.86,81.7,76.95,120.39K,120390,-3.29%
11/22/2022,80.73,80.14,82.03,79.74,85.20K,85200,0.86%
11/21/2022,80.04,80.26,80.5,75.27,475.10K,475100,-0.09%
11/18/2022,80.11,81.86,82.43,77.59,480.54K,480540,-1.58%
11/17/2022,81.4,84.98,84.98,81.19,390.06K,390060,-4.24%
11/16/2022,85,86.23,86.9,83.67,191.29K,191290,-1.45%
11/15/2022,86.25,84.62,88.05,83.54,239.60K,239600,1.28%
11/14/2022,85.16,88.24,89.03,84.51,183.53K,183530,-3.40%
11/11/2022,88.16,85.4,89.2,85.36,154.79K,154790,2.92%
11/10/2022,85.66,84.96,86.49,83.9,160.49K,160490,0.78%
11/09/2022,85,87.73,88.26,84.69,200.28K,200280,-3.41%
11/08/2022,88,90.82,91.1,87.63,162.91K,162910,-3.01%
11/07/2022,90.73,90.5,92.53,89.31,143.34K,143340,-0.79%
11/04/2022,91.45,86.92,91.67,86.84,104.87K,104870,4.90%
11/03/2022,87.18,88.32,88.53,86.55,80.43K,80430,-1.89%
11/02/2022,88.86,87.42,89.14,86.6,86.74K,86740,1.92%
11/01/2022,87.19,85.2,88.27,84.85,81.92K,81920,2.10%
10/31/2022,85.4,87.06,87.36,84.16,81.40K,81400,-1.40%
10/28/2022,86.61,87.41,87.51,85.86,78.71K,78710,-1.39%
10/27/2022,87.83,87.06,88.45,86.12,110.53K,110530,1.33%
10/26/2022,86.68,84.03,87.17,83.17,80.03K,80030,2.81%
10/25/2022,84.31,83.93,85,82.14,77.80K,77800,0.86%
10/24/2022,83.59,84.05,84.8,81.61,58.38K,58380,-0.43%
10/21/2022,83.95,83.78,84.64,82.05,83.09K,83090,-0.66%
10/20/2022,84.51,84.91,87.14,84.16,338.34K,338340,-0.01%
10/19/2022,84.52,82.91,85.02,81.72,357.72K,357720,2.99%
10/18/2022,82.07,84.8,85.53,81.3,367.50K,367500,-2.91%
10/17/2022,84.53,84.63,86.18,83.7,174.19K,174190,-0.14%
10/14/2022,84.65,88.15,88.52,84.22,161.13K,161130,-3.75%
10/13/2022,87.95,86.01,88.38,84.43,185.66K,185660,2.20%
10/12/2022,86.06,87.25,88.66,85.05,211.34K,211340,-2.17%
10/11/2022,87.97,89.75,90.15,86.59,187.52K,187520,-2.08%
10/10/2022,89.84,92.23,92.34,89.29,156.09K,156090,-1.65%
10/07/2022,91.35,88.12,92,87.15,242.27K,242270,4.29%
10/06/2022,87.59,87.12,88.2,86.15,108.49K,108490,0.86%
10/05/2022,86.84,85.3,87.42,84.53,160.03K,160030,1.57%
10/04/2022,85.5,82.57,85.98,82.33,156.00K,156000,3.39%
10/03/2022,82.7,80.29,83.61,80.19,135.99K,135990,5.06%
09/30/2022,78.72,80.86,81.72,78.36,95.34K,95340,-2.11%
09/29/2022,80.42,81,81.99,79.45,127.46K,127460,-1.01%
09/28/2022,81.24,77.38,81.4,75.84,156.31K,156310,4.41%
09/27/2022,77.81,75.9,78.92,75.88,123.82K,123820,2.14%
09/26/2022,76.18,78.75,79.76,75.7,106.23K,106230,-2.65%
09/23/2022,78.25,83.15,83.45,77.64,143.23K,143230,-5.76%
09/22/2022,83.03,82.54,85.44,81.89,121.08K,121080,0.73%
09/21/2022,82.43,83.6,85.99,82,144.13K,144130,-1.80%
09/20/2022,83.94,85.02,86.12,83.01,279.81K,279810,-1.66%
09/19/2022,85.36,84.81,85.88,81.73,262.90K,262900,0.71%
09/16/2022,84.76,84.66,86.18,83.86,231.14K,231140,0.13%
09/15/2022,84.65,88.7,88.7,84.09,182.29K,182290,-3.86%
09/14/2022,88.05,87.24,89.63,85.75,208.02K,208020,1.34%
09/13/2022,86.89,87.82,88.9,84.66,183.48K,183480,-0.59%
09/12/2022,87.41,85.84,88.64,84.78,133.78K,133780,1.22%
09/09/2022,86.36,82.3,86.68,82.23,139.12K,139120,3.96%
09/08/2022,83.07,81.57,83.72,80.89,131.42K,131420,1.76%
09/07/2022,81.63,86.53,87.33,81.18,123.25K,123250,-5.64%
09/06/2022,86.51,86.49,89.99,85.88,104.66K,104660,-2.75%
09/05/2022,88.96,88.27,90.37,87.98,,0,0.80%
09/04/2022,88.25,86.91,88.28,86.91,,0,2.05%
09/02/2022,86.48,85.99,89.15,85.93,81.80K,81800,0.30%
09/01/2022,86.22,88.31,89.1,85.62,85.18K,85180,-3.16%
08/31/2022,89.03,91.85,92.26,87.92,99.45K,99450,-2.35%
08/30/2022,91.17,95.8,96.82,90.06,120.37K,120370,-5.22%
08/29/2022,96.19,92.28,96.46,91.66,85.04K,85040,4.11%
08/26/2022,92.39,92.68,93.62,90.69,100.62K,100620,0.22%
08/25/2022,92.19,94.82,95.3,91.95,81.50K,81500,-2.34%
08/24/2022,94.4,93.23,94.92,92.36,92.60K,92600,1.23%
08/23/2022,93.25,90.1,93.65,90.1,92.18K,92180,3.20%
08/22/2022,90.36,89.63,91.03,86.28,352.67K,352670,-0.09%
08/19/2022,90.44,90,91.69,87.95,255.42K,255420,0.37%
08/18/2022,90.11,87.1,91.03,86.92,247.56K,247560,2.76%
08/17/2022,87.69,86.71,88.66,85.48,187.60K,187600,1.78%
08/16/2022,86.16,87.39,90.07,85.37,191.53K,191530,-3.03%
08/15/2022,88.85,91.3,91.47,86.29,134.21K,134210,-2.85%
08/12/2022,91.46,93.33,94.02,90.53,132.28K,132280,-2.21%
08/11/2022,93.53,90.82,94.17,90.57,162.98K,162980,2.55%
08/10/2022,91.2,89.71,91.63,87.04,157.22K,157220,1.71%
08/09/2022,89.67,89.87,91.8,88.29,130.89K,130890,-0.29%
08/08/2022,89.93,87.52,90.06,86.33,130.08K,130080,2.10%
08/05/2022,88.08,87.04,89.72,86.06,134.18K,134180,0.59%
08/04/2022,87.56,89.99,90.88,86.62,107.06K,107060,-2.43%
08/03/2022,89.74,92.69,95.33,89.47,141.60K,141600,-3.73%
08/02/2022,93.22,92.2,95.09,91.11,133.90K,133900,0.90%
08/01/2022,92.39,96.44,96.68,90.96,144.82K,144820,-4.51%
07/29/2022,96.75,95.42,99.75,94.59,116.64K,116640,2.22%
07/28/2022,94.65,96.09,97.82,94.28,96.14K,96140,-0.67%
07/27/2022,95.29,93.51,96.53,92.3,105.40K,105400,2.59%
07/26/2022,92.88,93.95,96.6,92.64,89.07K,89070,-1.63%
07/25/2022,94.42,92.83,94.62,90.79,92.70K,92700,2.15%
07/22/2022,92.43,93.78,95.24,91.77,106.60K,106600,-1.44%
07/21/2022,93.78,96.88,96.93,91.84,106.70K,106700,-6.11%
07/20/2022,99.88,100.34,100.72,98.16,315.62K,315620,-0.85%
07/19/2022,100.74,98.86,100.99,96.52,327.21K,327210,1.33%
07/18/2022,99.42,94.34,99.62,92.88,291.70K,291700,5.13%
07/15/2022,94.57,93.51,96.05,91.64,189.25K,189250,1.87%
07/14/2022,92.83,94.14,94.49,88.23,255.52K,255520,-1.07%
07/13/2022,93.83,93.3,95.34,91.14,187.17K,187170,0.56%
07/12/2022,93.31,100.57,100.57,92.83,191.25K,191250,-7.81%
07/11/2022,101.21,101.33,102,97.94,142.49K,142490,-0.32%
07/08/2022,101.53,98.92,101.97,98.4,124.09K,124090,2.30%
07/07/2022,99.25,94.62,100.78,93,144.92K,144920,4.50%
07/06/2022,94.98,97.44,99.11,92.18,166.60K,166600,-1.60%
07/05/2022,96.52,105.6,108.28,94.62,199.37K,199370,-12.57%
07/04/2022,110.4,108.17,110.77,107.25,,0,2.04%
07/03/2022,108.19,108.67,108.81,108.14,,0,2.66%
07/01/2022,105.39,103.33,106.26,101.94,99.69K,99690,2.22%
06/30/2022,103.1,106.67,107.76,102.68,156.01K,156010,-3.65%
06/29/2022,107.01,109,111.14,106.45,101.28K,101280,-1.73%
06/28/2022,108.89,107,109.31,106.59,107.61K,107610,2.36%
06/27/2022,106.38,104.37,107.28,102.48,90.13K,90130,1.85%
06/24/2022,104.45,101.31,105.44,100.84,116.65K,116650,2.83%
06/23/2022,101.58,102.53,104.62,100.24,120.06K,120060,-2.32%
06/22/2022,103.99,107.33,107.56,99.66,141.20K,141200,-5.05%
06/21/2022,109.52,108.75,111.16,106.82,427.26K,427260,0.62%
06/20/2022,108.84,108.97,109.17,106.84,,0,-0.09%
06/19/2022,108.94,108.97,109.34,108.78,,0,0.88%
06/17/2022,107.99,114.74,116.58,106.4,426.00K,426000,-6.30%
06/16/2022,115.25,114.09,115.73,110.43,291.85K,291850,1.91%
06/15/2022,113.09,116.41,116.93,112.37,198.93K,198930,-2.73%
06/14/2022,116.26,118.45,120.88,114.2,203.95K,203950,-1.68%
06/13/2022,118.25,117.71,119.57,114.9,150.05K,150050,0.11%
06/10/2022,118.12,119.07,120.15,115.84,133.85K,133850,-0.81%
06/09/2022,119.09,120.11,120.4,118.52,122.09K,122090,-0.58%
06/08/2022,119.78,117.7,120.75,117.02,131.93K,131930,2.29%
06/07/2022,117.1,116.66,118,115.04,140.80K,140800,0.90%
06/06/2022,116.06,118.17,118.28,115.15,77.61K,77610,-0.15%
06/03/2022,116.23,114.9,117.77,112.73,74.48K,74480,1.69%
06/02/2022,114.3,112.27,115.1,108.94,114.86K,114860,1.40%
06/01/2022,112.72,112.74,115,111.86,91.07K,91070,0.72%
05/31/2022,111.91,112.1,117.07,111.5,113.51K,113510,-4.85%
05/30/2022,117.61,115.58,117.79,115.39,,0,1.73%
05/29/2022,115.61,115.3,115.81,115.2,,0,3.01%
05/27/2022,112.23,111.25,112.42,110.06,57.72K,57720,0.88%
05/26/2022,111.25,108.05,111.88,107.6,78.22K,78220,3.25%
05/25/2022,107.75,107.68,108.97,106.71,56.92K,56920,0.51%
05/24/2022,107.2,107.68,108.76,105.94,65.22K,65220,-0.32%
05/23/2022,107.54,107.34,108.76,106.32,70.51K,70510,-2.48%
05/20/2022,110.28,109.26,111.04,108.13,229.93K,229930,0.35%
05/19/2022,109.89,106.96,110.16,103.24,340.08K,340080,2.66%
05/18/2022,107.04,110.77,112.39,106.06,311.84K,311840,-2.36%
05/17/2022,109.63,111.61,113.2,108.96,204.75K,204750,-1.96%
05/16/2022,111.82,109,112.47,106.27,166.04K,166040,2.94%
05/13/2022,108.63,104.91,108.77,104.64,134.31K,134310,4.05%
05/12/2022,104.4,103.94,105.55,101.11,179.61K,179610,0.36%
05/11/2022,104.03,97.74,104.74,96.93,179.72K,179720,5.67%
05/10/2022,98.45,100.96,102.78,97.61,156.44K,156440,-3.26%
05/09/2022,101.77,108.97,109,100.81,148.44K,148440,-6.06%
05/06/2022,108.33,107.07,109.53,105.72,119.33K,119330,1.49%
05/05/2022,106.74,106.07,109.77,104.95,97.44K,97440,0.49%
05/04/2022,106.22,101.99,107,101.41,92.05K,92050,5.27%
05/03/2022,100.9,103.19,104.06,100.58,97.51K,97510,-2.44%
05/02/2022,103.42,102.15,104.19,98.87,89.43K,89430,0.47%
04/29/2022,102.94,103.12,105.99,102.14,98.35K,98350,-0.51%
04/28/2022,103.47,100.59,103.77,98.75,104.93K,104930,2.77%
04/27/2022,100.68,100.76,101.68,98.65,76.99K,76990,0.27%
04/26/2022,100.41,97.77,101.5,96.37,100.12K,100120,2.81%
04/25/2022,97.67,100.38,100.48,94.47,87.65K,87650,-3.34%
04/22/2022,101.05,102.01,103.34,100.08,60.24K,60240,-1.86%
04/21/2022,102.96,101.66,104.47,101.25,74.66K,74660,0.75%
04/20/2022,102.19,102.38,103.96,99.88,299.03K,299030,0.14%
04/19/2022,102.05,107.06,108.37,101.51,339.81K,339810,-5.17%
04/18/2022,107.61,106.46,109.2,105.43,202.72K,202720,1.16%
04/14/2022,106.38,103.79,107,101.69,159.77K,159770,2.50%
04/13/2022,103.79,100.35,104,99.51,186.11K,186110,3.63%
04/12/2022,100.15,94.84,100.82,94.52,168.89K,168890,6.63%
04/11/2022,93.92,97.84,97.95,92.6,156.57K,156570,-3.90%
04/08/2022,97.73,96.31,98.12,94.72,135.35K,135350,2.32%
04/07/2022,95.51,96.29,97.95,93.21,168.76K,168760,0.10%
04/06/2022,95.41,99.95,102.63,94.93,159.99K,159990,-5.23%
04/05/2022,100.68,102.16,104.07,98.63,107.31K,107310,-1.14%
04/04/2022,101.84,97.68,102.44,96.83,123.55K,123550,4.02%
04/01/2022,97.9,99.77,100,96.22,132.55K,132550,-0.63%
03/31/2022,98.52,105.3,105.64,97.88,185.64K,185640,-6.78%
03/30/2022,105.68,103.04,106.44,102.41,83.36K,83360,3.56%
03/29/2022,102.05,101.29,105.45,96.52,119.63K,119630,-1.32%
03/28/2022,103.42,110.22,110.22,100.43,125.75K,125750,-6.88%
03/25/2022,111.06,108.29,111.26,105.86,103.66K,103660,1.49%
03/24/2022,109.43,111.41,113.51,107.79,106.02K,106020,-2.29%
03/23/2022,111.99,105.84,112.34,105.69,120.34K,120340,2.49%
03/22/2022,109.27,110.91,113.35,107.1,318.63K,318630,-0.64%
03/21/2022,109.97,103.62,111.08,102.47,279.31K,279310,6.67%
03/18/2022,103.09,102.23,104.67,100.96,207.44K,207440,1.42%
03/17/2022,101.65,94.08,102.69,93.41,221.54K,221540,8.61%
03/16/2022,93.59,93.7,97.93,92.68,163.42K,163420,-1.27%
03/15/2022,94.79,100.55,100.92,92.2,205.70K,205700,-6.32%
03/14/2022,101.18,106.64,106.65,97.89,162.18K,162180,-4.82%
03/11/2022,106.3,103,107.17,101.27,166.35K,166350,3.21%
03/10/2022,102.99,106.59,110.91,102.38,203.84K,203840,-1.96%
03/09/2022,105.05,120.66,122.73,99.55,249.98K,249980,-12.20%
03/08/2022,119.65,116.98,124.98,113.66,200.16K,200160,3.32%
03/07/2022,115.8,116.03,126.42,111.87,202.56K,202560,3.29%
03/04/2022,112.11,105.04,112.54,104.36,167.99K,167990,7.17%
03/03/2022,104.61,107.27,112.65,103.14,190.66K,190660,-2.29%
03/02/2022,107.06,103.43,108.91,101.86,219.17K,219170,6.84%
03/01/2022,100.21,93.88,103.06,93.21,285.55K,285550,7.18%
02/28/2022,93.5,92.97,96.92,92.42,176.43K,176430,4.02%
02/25/2022,89.89,91.48,93.73,88.49,160.46K,160460,-1.15%
02/24/2022,90.94,91.08,98.44,89.65,289.12K,289120,0.28%
02/23/2022,90.69,90.31,92.36,89.34,150.13K,150130,-1.33%
02/22/2022,91.91,91.32,94.95,89.06,789.04K,789040,-0.80%
02/21/2022,92.65,91.62,93.91,89.08,,0,1.12%
02/20/2022,91.62,91.22,91.74,91.08,,0,1.56%
02/18/2022,90.21,90.06,91.07,87.46,566.36K,566360,0.19%
02/17/2022,90.04,89.25,91.51,88.83,442.04K,442040,-1.95%
02/16/2022,91.83,90.31,93.07,88.2,351.33K,351330,1.80%
02/15/2022,90.21,92.84,93.16,88.94,258.03K,258030,-3.52%
02/14/2022,93.5,92.06,93.83,90.45,213.15K,213150,2.28%
02/11/2022,91.42,88.56,92.74,87.79,310.81K,310810,3.23%
02/10/2022,88.56,88.84,90.26,87.87,255.08K,255080,0.03%
02/09/2022,88.53,88.4,89.17,87.15,255.17K,255170,0.72%
02/08/2022,87.9,89.98,90.07,87.07,188.54K,188540,-2.08%
02/07/2022,89.77,89.88,90.97,89.08,247.67K,247670,-0.62%
02/04/2022,90.33,88.33,90.98,88.18,175.47K,175470,2.13%
02/03/2022,88.45,86.4,88.59,85.24,220.87K,220870,2.03%
02/02/2022,86.69,86.64,87.93,85.56,189.90K,189900,0.27%
02/01/2022,86.46,86.45,87.12,84.92,151.60K,151600,-0.03%
01/31/2022,86.49,85.92,86.68,84.96,144.70K,144700,1.24%
01/28/2022,85.43,86,87.36,85.06,144.85K,144850,0.16%
01/27/2022,85.29,85.71,87.08,84.9,153.94K,153940,-0.78%
01/26/2022,85.96,84.1,86.51,83.84,175.93K,175930,1.88%
01/25/2022,84.37,83.32,84.54,82.14,223.59K,223590,2.38%
01/24/2022,82.41,83.84,85.1,81.06,153.83K,153830,-2.06%
01/21/2022,84.14,83.65,84.53,81.96,159.57K,159570,-1.65%
01/20/2022,85.55,85.06,87.1,84.2,532.20K,532200,-0.29%
01/19/2022,85.8,85.89,86.79,84.99,511.05K,511050,1.14%
01/18/2022,84.83,83.77,85.98,82.93,494.00K,494000,1.36%
01/17/2022,83.69,83.84,83.95,82.94,,0,-0.17%
01/16/2022,83.83,83.78,84.09,83.68,,0,0.64%
01/14/2022,83.3,81.21,83.79,81.1,323.11K,323110,2.06%
01/13/2022,81.62,82.12,82.29,80.91,289.31K,289310,-0.49%
01/12/2022,82.02,80.71,82.41,80.55,303.16K,303160,1.67%
01/11/2022,80.67,77.87,80.95,77.83,270.56K,270560,3.82%
01/10/2022,77.7,78.51,78.92,77.34,210.84K,210840,-0.94%
01/07/2022,78.44,79,79.82,78.07,229.28K,229280,-0.56%
01/06/2022,78.88,76.79,79.56,76.28,244.00K,244000,1.82%
01/05/2022,77.47,76.88,78.16,76.25,197.97K,197970,0.95%
01/04/2022,76.74,75.8,77.4,75.47,156.45K,156450,1.17%
01/03/2022,75.85,75.53,76.18,74.01,112.23K,112230,1.30%
12/31/2021,74.88,76.12,76.68,74.63,63.14K,63140,-2.26%
12/30/2021,76.61,76.2,77.06,75.42,61.02K,61020,0.56%
12/29/2021,76.18,75.71,76.99,75.01,78.61K,78610,0.77%
12/28/2021,75.6,75.58,76.5,75.12,66.33K,66330,0.56%
12/27/2021,75.18,73,75.68,72.22,76.67K,76670,2.40%
12/23/2021,73.42,72.59,73.6,71.84,95.32K,95320,1.51%
12/22/2021,72.33,70.97,72.71,70.48,94.30K,94300,2.13%
12/21/2021,70.82,68.94,71.21,68.27,99.77K,99770,3.22%
12/20/2021,68.61,69.88,69.98,66.12,492.22K,492220,-2.98%
12/17/2021,70.72,71.79,72.05,69.7,351.30K,351300,-1.98%
12/16/2021,72.15,71.28,72.74,70.87,329.08K,329080,2.11%
12/15/2021,70.66,70.12,71.45,69.21,191.20K,191200,0.20%
12/14/2021,70.52,70.91,71.79,69.32,177.57K,177570,-0.76%
12/13/2021,71.06,71.84,72.82,70.54,209.97K,209970,-0.59%
12/10/2021,71.48,70.52,72.15,70.19,185.50K,185500,0.97%
12/09/2021,70.79,72.36,73.13,70.23,144.30K,144300,-1.93%
12/08/2021,72.18,71.62,72.75,70.74,162.64K,162640,0.47%
12/07/2021,71.84,69.28,72.72,69.28,176.32K,176320,3.67%
12/06/2021,69.3,66.85,69.95,66.62,109.15K,109150,4.84%
12/03/2021,66.1,67.17,68.96,65.45,136.24K,136240,-0.26%
12/02/2021,66.27,65.38,67.23,62.26,188.62K,188620,1.38%
12/01/2021,65.37,66.68,69.18,64.62,164.81K,164810,-0.73%
11/30/2021,65.85,69.69,70.86,64.16,184.46K,184460,-5.42%
11/29/2021,69.62,68.93,72.48,68.4,169.53K,169530,2.62%
11/26/2021,67.84,77.75,78.07,67.14,239.79K,239790,-12.36%
11/25/2021,77.41,78.38,78.65,77.28,,0,-0.51%
11/24/2021,77.81,77.9,78.59,77.41,83.84K,83840,-0.17%
11/23/2021,77.94,75.81,78.23,74.77,171.03K,171030,2.39%
11/22/2021,76.12,75.07,76.47,74.06,112.64K,112640,0.24%
11/19/2021,75.94,78.29,79.33,75.09,623.45K,623450,-3.15%
11/18/2021,78.41,77.49,78.8,76.44,426.77K,426770,1.11%
11/17/2021,77.55,79.6,79.71,76.93,504.94K,504940,-2.75%
11/16/2021,79.74,79.8,80.68,78.97,208.60K,208600,-0.01%
11/15/2021,79.75,79.59,80.04,78.28,185.74K,185740,0.08%
11/12/2021,79.69,80.08,80.36,78.67,185.20K,185200,-0.91%
11/11/2021,80.42,80.1,80.95,78.98,209.70K,209700,0.45%
11/10/2021,80.06,82.89,83.3,79.53,242.72K,242720,-3.03%
11/09/2021,82.56,80.87,82.99,80.56,249.60K,249600,2.25%
11/08/2021,80.74,80,81.42,79.95,165.37K,165370,0.76%
11/05/2021,80.13,78.32,80.51,77.78,184.24K,184240,3.13%
11/04/2021,77.7,78.93,82.05,77.23,249.20K,249200,-2.35%
11/03/2021,79.57,81.7,81.7,78.52,189.15K,189150,-3.48%
11/02/2021,82.44,82.3,82.86,81.49,147.57K,147570,-0.01%
11/01/2021,82.45,81.58,83.07,81.05,150.56K,150560,0.82%
10/29/2021,81.78,81.71,81.96,80.14,173.71K,173710,0.39%
10/28/2021,81.46,81.05,81.85,79.37,155.20K,155200,-0.02%
10/27/2021,81.48,83.11,83.21,80.84,142.73K,142730,-2.26%
10/26/2021,83.36,82.61,83.51,81.97,171.17K,171170,0.91%
10/25/2021,82.61,82.64,83.83,82.24,255.20K,255200,0.13%
10/22/2021,82.5,81.43,82.92,80.62,173.25K,173250,1.40%
10/21/2021,81.36,82.45,82.71,79.79,169.88K,169880,-2.47%
10/20/2021,83.42,82.46,83.65,80.78,530.69K,530690,1.19%
10/19/2021,82.44,81.58,82.99,81.08,531.47K,531470,0.92%
10/18/2021,81.69,82,83.18,81.21,501.07K,501070,-0.05%
10/15/2021,81.73,80.93,82,80.86,284.73K,284730,1.19%
10/14/2021,80.77,79.94,81.14,79.79,300.57K,300570,1.19%
10/13/2021,79.82,79.83,80.36,78.78,304.96K,304960,-0.13%
10/12/2021,79.92,79.89,80.79,78.88,358.20K,358200,0.00%
10/11/2021,79.92,79.01,81.08,78.95,452.23K,452230,1.47%
10/08/2021,78.76,78.47,79.62,78.2,446.50K,446500,1.03%
10/07/2021,77.96,76.63,78.54,74.67,265.13K,265130,1.17%
10/06/2021,77.06,78.58,79.39,76.48,200.17K,200170,-1.92%
10/05/2021,78.57,77.29,79.09,77.17,238.92K,238920,1.60%
10/04/2021,77.33,75.63,78.07,75.03,216.82K,216820,2.32%
10/01/2021,75.58,74.74,75.68,73.92,169.25K,169250,1.18%
09/30/2021,74.7,74.47,75.72,72.82,239.15K,239150,0.27%
09/29/2021,74.5,73.95,75.39,73.37,169.91K,169910,-0.53%
09/28/2021,74.9,75.05,76.26,73.86,177.68K,177680,-0.24%
09/27/2021,75.08,73.83,75.35,73.79,207.11K,207110,2.00%
09/24/2021,73.61,72.91,73.86,72.47,152.84K,152840,0.90%
09/23/2021,72.95,71.6,73.1,71.29,185.63K,185630,1.47%
09/22/2021,71.89,70.48,71.96,70.27,146.90K,146900,1.99%
09/21/2021,70.49,70.43,71.48,69.39,393.40K,393400,0.50%
09/20/2021,70.14,71.81,71.93,69.71,377.95K,377950,-2.34%
09/17/2021,71.82,72.33,72.5,71.03,288.46K,288460,-0.76%
09/16/2021,72.37,72.42,72.72,71.29,232.72K,232720,0.06%
09/15/2021,72.33,70.47,72.87,70.43,268.43K,268430,2.99%
09/14/2021,70.23,70.38,70.97,69.75,242.42K,242420,0.06%
09/13/2021,70.19,69.35,70.68,69.26,194.03K,194030,1.04%
09/10/2021,69.47,67.73,69.71,67.48,199.52K,199520,2.28%
09/09/2021,67.92,69.11,69.61,67.35,238.50K,238500,-1.64%
09/08/2021,69.05,68.13,69.49,68.08,186.53K,186530,1.35%
09/07/2021,68.13,68.9,69.24,67.44,139.43K,139430,-0.97%
09/06/2021,68.8,68.75,69.47,68.27,,0,0.07%
09/05/2021,68.75,69.22,69.23,68.73,,0,-0.46%
09/03/2021,69.07,69.51,70.27,68.87,101.34K,101340,-0.95%
09/02/2021,69.73,67.99,70.31,67.58,137.71K,137710,2.06%
09/01/2021,68.32,68.31,68.98,66.92,124.27K,124270,0.09%
08/31/2021,68.26,68.89,69.07,67.92,90.70K,90700,-0.97%
08/30/2021,68.93,68.94,69.36,67.53,129.09K,129090,0.66%
08/27/2021,68.48,67.47,68.69,67.18,107.41K,107410,2.06%
08/26/2021,67.1,67.78,67.97,66.71,102.00K,102000,-1.41%
08/25/2021,68.06,67.33,68.23,66.63,107.20K,107200,1.20%
08/24/2021,67.25,65.24,67.49,65.15,91.59K,91590,2.92%
08/23/2021,65.34,61.75,65.66,61.5,106.60K,106600,5.15%
08/20/2021,62.14,63.65,64.04,61.82,365.01K,365010,-2.14%
08/19/2021,63.5,64.45,64.57,62.41,494.97K,494970,-2.62%
08/18/2021,65.21,66.34,67.23,64.17,386.36K,386360,-1.70%
08/17/2021,66.34,67.17,67.46,66.09,232.41K,232410,-1.06%
08/16/2021,67.05,67.63,68.03,65.51,205.58K,205580,-1.70%
08/13/2021,68.21,68.75,68.99,67.55,145.27K,145270,-1.00%
08/12/2021,68.9,69.15,69.39,68.24,182.54K,182540,-0.17%
08/11/2021,69.02,68.28,69.19,66.47,223.82K,223820,1.41%
08/10/2021,68.06,66.62,68.66,66.29,188.99K,188990,2.65%
08/09/2021,66.3,67.62,67.67,65,247.22K,247220,-2.64%
08/06/2021,68.1,68.77,69.87,67.62,273.91K,273910,-0.93%
08/05/2021,68.74,67.64,68.97,67.22,146.62K,146620,1.40%
08/04/2021,67.79,69.88,70.31,67.52,243.60K,243600,-3.20%
08/03/2021,70.03,70.86,71.29,68.65,174.91K,174910,-0.82%
08/02/2021,70.61,73.11,73.19,69.96,138.72K,138720,-3.58%
07/30/2021,73.23,72.75,73.52,72.3,97.78K,97780,0.34%
07/29/2021,72.98,71.8,73.02,71.66,110.60K,110600,1.66%
07/28/2021,71.79,71.36,72,71.16,96.97K,96970,0.91%
07/27/2021,71.14,71.61,71.76,70.62,114.13K,114130,-0.28%
07/26/2021,71.34,71.46,71.71,69.9,105.91K,105910,-0.06%
07/23/2021,71.38,70.97,71.48,70.69,73.54K,73540,0.34%
07/22/2021,71.14,69.5,71.26,69.11,134.22K,134220,2.26%
07/21/2021,69.57,65.86,69.75,65.86,151.83K,151830,3.53%
07/20/2021,67.2,66.61,67.61,65.01,561.63K,561630,1.28%
07/19/2021,66.35,71.09,71.4,65.56,731.96K,731960,-7.28%
07/16/2021,71.56,71.21,72.04,70.16,359.21K,359210,0.25%
07/15/2021,71.38,72.43,72.48,71.02,329.01K,329010,-1.73%
07/14/2021,72.64,74.58,74.89,71.7,375.43K,375430,-2.74%
07/13/2021,74.69,73.51,74.9,73.07,286.33K,286330,1.70%
07/12/2021,73.44,73.92,74.15,72.45,221.74K,221740,-0.50%
07/09/2021,73.81,72.51,73.98,71.97,185.31K,185310,2.20%
07/08/2021,72.22,71.55,72.51,70.1,247.36K,247360,1.01%
07/07/2021,71.5,73,74.06,70.44,223.71K,223710,-1.49%
07/06/2021,72.58,74.43,76.07,72.16,254.31K,254310,-4.81%
07/05/2021,76.25,75.15,76.4,74.75,,0,1.48%
07/04/2021,75.14,75.22,75.28,75,,0,1.05%
07/02/2021,74.36,74.07,74.67,73.57,163.67K,163670,0.04%
07/01/2021,74.33,72.78,75.23,72.66,289.38K,289380,2.14%
06/30/2021,72.77,72.77,73.45,72.1,146.95K,146950,0.64%
06/29/2021,72.31,72.04,73.07,71.28,113.12K,113120,0.15%
06/28/2021,72.2,73.27,73.7,71.92,104.66K,104660,-1.54%
06/25/2021,73.33,72.65,73.4,72.11,144.56K,144560,0.96%
06/24/2021,72.63,72.56,72.86,71.64,131.48K,131480,0.37%
06/23/2021,72.36,72.1,73.33,72.01,170.19K,170190,-0.67%
06/22/2021,72.85,73.04,73.47,72.47,498.56K,498560,-0.37%
06/21/2021,73.12,71.15,73.28,70.78,591.31K,591310,2.57%
06/18/2021,71.29,70.8,71.82,69.87,420.11K,420110,0.72%
06/17/2021,70.78,71.48,72.1,69.54,343.67K,343670,-1.63%
06/16/2021,71.95,72.13,72.74,71.42,281.18K,281180,0.13%
06/15/2021,71.86,70.91,72.2,70.54,195.70K,195700,1.74%
06/14/2021,70.63,70.36,71.4,70.36,163.55K,163550,0.04%
06/11/2021,70.6,69.91,70.86,69.47,396.29K,396290,0.73%
06/10/2021,70.09,69.61,70.46,68.51,205.08K,205080,0.43%
06/09/2021,69.79,69.81,70.43,69.29,168.12K,168120,-0.11%
06/08/2021,69.87,69.08,70.08,68.29,166.36K,166360,1.20%
06/07/2021,69.04,69.25,69.76,68.71,156.70K,156700,-0.50%
06/04/2021,69.39,68.71,69.51,68.12,138.05K,138050,1.15%
06/03/2021,68.6,68.59,69.18,67.98,108.64K,108640,-0.04%
06/02/2021,68.63,67.8,68.77,67.59,110.81K,110810,1.64%
06/01/2021,67.52,66.45,68.64,66.19,148.83K,148830,0.84%
05/31/2021,66.96,66.58,67.41,66.41,,0,0.56%
05/30/2021,66.59,66.7,66.75,66.53,,0,0.74%
05/28/2021,66.1,66.68,67.28,65.95,186.24K,186240,-0.75%
05/27/2021,66.6,65.93,66.66,65.23,113.06K,113060,0.97%
05/26/2021,65.96,65.75,66.15,65.02,122.47K,122470,0.26%
05/25/2021,65.79,65.76,66.18,65.14,229.42K,229420,0.02%
05/24/2021,65.78,63.61,65.87,63.45,155.50K,155500,3.82%
05/21/2021,63.36,61.73,63.82,61.36,187.39K,187390,2.29%
05/20/2021,61.94,63.35,63.95,61.67,524.17K,524170,-2.23%
05/19/2021,63.35,65.3,65.35,61.95,615.26K,615260,-3.28%
05/18/2021,65.5,66.31,67.02,64.14,484.42K,484420,-1.18%
05/17/2021,66.28,65.44,66.42,64.83,229.56K,229560,1.41%
05/14/2021,65.36,63.84,65.6,63.35,246.22K,246220,2.38%
05/13/2021,63.84,65.78,65.83,63.12,247.68K,247680,-3.42%
05/12/2021,66.1,65.44,66.63,64.98,256.70K,256700,1.23%
05/11/2021,65.3,64.94,65.51,63.71,195.32K,195320,0.57%
05/10/2021,64.93,65.25,66,63.96,193.20K,193200,0.08%
05/07/2021,64.88,64.86,65.2,63.89,168.37K,168370,0.32%
05/06/2021,64.67,65.26,65.93,64.47,117.49K,117490,-1.40%
05/05/2021,65.59,66.2,66.67,64.89,187.51K,187510,-0.03%
05/04/2021,65.61,64.43,66.12,64.21,148.65K,148650,1.86%
05/03/2021,64.41,63.48,64.58,62.82,86.70K,86700,1.47%
04/30/2021,63.48,64.76,64.83,63,159.45K,159450,-2.16%
04/29/2021,64.88,63.59,65.32,63.53,119.35K,119350,1.77%
04/28/2021,63.75,62.92,64.37,62.54,127.27K,127270,1.51%
04/27/2021,62.8,61.8,63.15,61.8,111.62K,111620,1.62%
04/26/2021,61.8,62.03,62.18,60.56,103.53K,103530,-0.35%
04/23/2021,62.02,61.56,62.3,61.14,104.73K,104730,1.11%
04/22/2021,61.34,61.05,61.79,60.55,99.27K,99270,0.11%
04/21/2021,61.27,62.33,62.47,60.79,123.25K,123250,-2.23%
04/20/2021,62.67,63.53,64.38,61.49,476.05K,476050,-1.20%
04/19/2021,63.43,63.01,63.69,62.67,279.37K,279370,0.38%
04/16/2021,63.19,63.35,63.94,62.88,265.80K,265800,-0.50%
04/15/2021,63.51,62.97,63.62,62.61,243.64K,243640,0.46%
04/14/2021,63.22,60.52,63.51,60.43,318.18K,318180,4.95%
04/13/2021,60.24,59.69,60.63,59.69,198.23K,198230,0.82%
04/12/2021,59.75,59.43,60.78,58.77,200.51K,200510,0.67%
04/09/2021,59.35,59.78,59.94,59.13,207.85K,207850,-0.47%
04/08/2021,59.63,59.56,59.93,58.85,232.13K,232130,-0.30%
04/07/2021,59.81,59.28,60.06,58.16,193.63K,193630,0.74%
04/06/2021,59.37,58.87,60.89,58.66,211.41K,211410,1.18%
04/05/2021,58.68,61.48,61.48,57.68,162.51K,162510,-4.55%
04/01/2021,61.48,59.48,61.75,58.91,224.08K,224080,3.89%
03/31/2021,59.18,60.4,61.17,58.88,145.02K,145020,-2.28%
03/30/2021,60.56,61.92,62.22,59.95,134.61K,134610,-1.58%
03/29/2021,61.53,60.94,61.74,59.42,142.06K,142060,0.94%
03/26/2021,60.96,58.44,61.34,58.33,183.90K,183900,4.08%
03/25/2021,58.57,60.8,60.84,57.46,198.97K,198970,-4.23%
03/24/2021,61.16,57.42,61.31,57.33,190.27K,190270,5.85%
03/23/2021,57.78,61.18,61.25,57.29,310.15K,310150,-6.14%
03/22/2021,61.56,61.6,62.04,60.35,404.37K,404370,0.20%
03/19/2021,61.44,59.65,61.8,59.01,723.88K,723880,2.30%
03/18/2021,60.06,64.44,64.88,58.28,728.88K,728880,-7.07%
03/17/2021,64.63,64.87,65.4,63.64,300.15K,300150,-0.35%
03/16/2021,64.86,65.34,65.48,63.87,213.77K,213770,-0.89%
03/15/2021,65.44,65.56,66.44,64.22,193.97K,193970,-0.30%
03/12/2021,65.64,65.95,66.22,65.4,166.57K,166570,-0.55%
03/11/2021,66,64.62,66.17,64.49,217.43K,217430,2.45%
03/10/2021,64.42,63.81,64.9,63.1,217.20K,217200,0.67%
03/09/2021,63.99,64.6,65.87,63.6,275.96K,275960,-1.45%
03/08/2021,64.93,66.5,67.79,64.45,203.12K,203120,-1.50%
03/05/2021,65.92,63.94,66.23,63.59,231.06K,231060,3.62%
03/04/2021,63.62,60.93,64.62,60.36,241.24K,241240,4.12%
03/03/2021,61.1,59.4,61.75,59.08,170.70K,170700,2.57%
03/02/2021,59.57,60.04,60.98,59.2,149.34K,149340,-1.41%
03/01/2021,60.42,61.42,62.67,59.77,153.33K,153330,-1.32%
02/26/2021,61.23,63.17,63.24,61.04,124.26K,124260,-3.15%
02/25/2021,63.22,63.22,63.56,62.45,180.38K,180380,0.35%
02/24/2021,63,61.07,63.28,60.77,149.43K,149430,2.56%
02/23/2021,61.43,61.9,62.71,60.44,150.92K,150920,-0.44%
02/22/2021,61.7,58.93,62.22,58.82,505.77K,505770,4.12%
02/19/2021,59.26,60.18,60.32,58.6,608.59K,608590,-2.10%
02/18/2021,60.53,61.71,62.29,59.81,538.43K,538430,-1.03%
02/17/2021,61.16,60.28,61.75,59.56,383.87K,383870,1.80%
02/16/2021,60.08,59.83,60.78,59.34,485.73K,485730,-0.02%
02/15/2021,60.09,60.36,60.95,59.96,,0,-0.46%
02/14/2021,60.37,60.01,60.75,60.01,,0,1.67%
02/12/2021,59.38,57.82,59.72,57.31,272.11K,272110,2.13%
02/11/2021,58.14,58.26,58.57,57.75,187.76K,187760,-0.73%
02/10/2021,58.57,58.33,58.77,57.98,186.03K,186030,0.55%
02/09/2021,58.25,57.99,58.49,57.17,246.49K,246490,0.73%
02/08/2021,57.83,56.95,57.98,56.86,152.37K,152370,1.99%
02/05/2021,56.7,56.32,57.11,56.32,170.65K,170650,1.12%
02/04/2021,56.07,55.8,56.41,55.16,147.93K,147930,0.95%
02/03/2021,55.54,54.96,56.16,54.66,173.15K,173150,1.68%
02/02/2021,54.62,53.35,55.09,53.32,182.83K,182830,2.25%
02/01/2021,53.42,51.9,53.6,51.53,126.46K,126460,2.57%
01/29/2021,52.08,52.03,53.13,51.85,99.60K,99600,-0.31%
01/28/2021,52.24,52.54,53.43,51.94,114.94K,114940,-0.93%
01/27/2021,52.73,52.67,53.16,51.77,131.52K,131520,0.40%
01/26/2021,52.52,52.81,53.12,52.2,90.35K,90350,-0.28%
01/25/2021,52.67,52.08,52.84,51.75,94.90K,94900,0.92%
01/22/2021,52.19,53.01,53.08,51.38,110.82K,110820,-1.62%
01/21/2021,53.05,52.81,53.3,52.64,131.54K,131540,-0.49%
01/20/2021,53.31,53.06,53.83,52.83,400.30K,400300,0.62%
01/19/2021,52.98,52,53.18,51.81,533.78K,533780,1.18%
01/18/2021,52.36,52.2,52.61,51.83,,0,0.31%
01/17/2021,52.2,52.09,52.38,52.09,,0,-0.42%
01/15/2021,52.42,53.77,53.86,51.89,391.29K,391290,-2.24%
01/14/2021,53.62,52.89,53.79,52.3,320.72K,320720,1.25%
01/13/2021,52.96,53.34,53.94,52.6,269.31K,269310,-0.53%
01/12/2021,53.24,52.19,53.47,52.08,231.07K,231070,1.86%
01/11/2021,52.27,52.55,52.69,51.51,216.27K,216270,0.02%
01/08/2021,52.26,50.9,52.74,50.86,256.96K,256960,2.73%
01/07/2021,50.87,50.55,51.3,50.44,177.01K,177010,0.36%
01/06/2021,50.69,49.93,50.98,49.53,255.40K,255400,1.36%
01/05/2021,50.01,47.54,50.27,47.39,277.27K,277270,4.71%
01/04/2021,47.76,48.49,49.94,47.31,172.92K,172920,-1.79%
12/31/2020,48.63,48.41,48.68,47.88,53.38K,53380,0.27%
12/30/2020,48.5,48.26,48.78,47.76,71.10K,71100,0.75%
12/29/2020,48.14,47.87,48.49,47.82,61.07K,61070,0.77%
12/28/2020,47.77,48.39,49.07,47.63,67.47K,67470,-1.20%
12/24/2020,48.35,48.2,48.72,47.69,31.48K,31480,0.23%
12/23/2020,48.24,46.93,48.6,46.3,78.58K,78580,2.29%
12/22/2020,47.16,48,48.06,46.72,63.09K,63090,-1.69%
12/21/2020,47.97,49.26,49.31,46.25,478.10K,478100,-2.58%
12/18/2020,49.24,48.57,49.43,48.27,300.14K,300140,1.44%
12/17/2020,48.54,48.07,48.8,48,243.86K,243860,1.13%
12/16/2020,48,47.77,48.12,47.34,226.21K,226210,0.46%
12/15/2020,47.78,47.18,47.89,46.72,219.99K,219990,1.34%
12/14/2020,47.15,46.92,47.57,45.88,203.13K,203130,0.86%
12/11/2020,46.75,47.15,47.46,46.51,181.85K,181850,-0.45%
12/10/2020,46.96,45.87,47.88,45.72,172.15K,172150,2.71%
12/09/2020,45.72,45.75,46.43,45.14,149.40K,149400,-0.17%
12/08/2020,45.8,45.82,46.09,45.32,141.09K,141090,-0.33%
12/07/2020,45.95,46.24,46.7,45.54,138.58K,138580,-1.01%
12/04/2020,46.42,45.76,46.8,45.76,118.56K,118560,1.38%
12/03/2020,45.79,45.14,45.98,44.84,104.00K,104000,0.77%
12/02/2020,45.44,44.54,46.04,44.1,119.96K,119960,1.59%
12/01/2020,44.73,45.25,45.86,44.32,95.00K,95000,-1.71%
11/30/2020,45.51,45.57,45.98,44.64,105.31K,105310,-0.50%
11/27/2020,45.74,46.12,46.27,44.77,77.04K,77040,1.69%
11/26/2020,44.98,45.77,46.09,44.73,,0,-2.03%
11/25/2020,45.91,45.05,46.44,44.87,120.32K,120320,1.77%
11/24/2020,45.11,43.04,45.38,43.04,150.46K,150460,4.23%
11/23/2020,43.28,42.64,43.56,42.52,98.45K,98450,2.03%
11/20/2020,42.42,41.88,42.54,41.61,276.34K,276340,1.24%
11/19/2020,41.9,41.87,42.15,41.26,313.38K,313380,-0.26%
11/18/2020,42.01,41.55,42.68,41.3,322.65K,322650,0.86%
11/17/2020,41.65,41.65,41.93,40.81,236.67K,236670,0.19%
11/16/2020,41.57,40.44,42.35,40.4,238.44K,238440,2.90%
11/13/2020,40.4,41.21,41.21,40.33,201.43K,201430,-2.44%
11/12/2020,41.41,41.72,42.45,41.16,180.09K,180090,-0.79%
11/11/2020,41.74,42.08,43.33,41.61,216.25K,216250,0.17%
11/10/2020,41.67,40.19,42.12,39.72,214.04K,214040,2.58%
11/09/2020,40.62,37.64,41.63,37.52,281.67K,281670,8.35%
11/06/2020,37.49,38.82,38.92,37.4,182.65K,182650,-4.14%
11/05/2020,39.11,39.42,39.67,38.6,97.35K,97350,-0.91%
11/04/2020,39.47,38.46,39.56,37.59,156.10K,156100,3.90%
11/03/2020,37.99,37.37,38.63,36.93,171.28K,171280,2.18%
11/02/2020,37.18,35.5,37.5,34.04,156.51K,156510,2.85%
10/30/2020,36.15,36.41,36.93,35.57,125.09K,125090,-0.99%
10/29/2020,36.51,37.76,38.1,35.28,185.12K,185120,-3.21%
10/28/2020,37.72,39.3,39.33,37.32,163.97K,163970,-5.39%
10/27/2020,39.87,38.95,40.13,38.83,93.88K,93880,2.52%
10/26/2020,38.89,39.98,40.04,38.61,102.22K,102220,-3.14%
10/23/2020,40.15,40.91,41.21,39.88,68.68K,68680,-1.93%
10/22/2020,40.94,40.31,41.31,40,86.93K,86930,1.56%
10/21/2020,40.31,41.45,41.85,40.07,101.48K,101480,-3.33%
10/20/2020,41.7,40.93,41.9,40.46,360.57K,360570,1.56%
10/19/2020,41.06,40.92,41.46,40.77,314.65K,314650,-0.15%
10/16/2020,41.12,41.16,41.3,40.34,256.54K,256540,-0.29%
10/15/2020,41.24,41.43,41.57,39.52,281.94K,281940,-0.24%
10/14/2020,41.34,40.49,41.43,40.12,264.49K,264490,2.10%
10/13/2020,40.49,39.8,40.79,39.65,248.71K,248710,1.91%
10/12/2020,39.73,40.72,40.75,39.36,186.65K,186650,-2.88%
10/09/2020,40.91,41.6,41.74,40.68,173.38K,173380,-1.35%
10/08/2020,41.47,40.23,41.59,40.05,263.97K,263970,3.08%
10/07/2020,40.23,40.12,40.61,39.57,229.63K,229630,-1.71%
10/06/2020,40.93,39.62,41.11,39.37,198.24K,198240,3.62%
10/05/2020,39.5,37.34,39.96,37.32,163.79K,163790,5.78%
10/02/2020,37.34,38.92,38.93,36.93,162.58K,162580,-4.28%
10/01/2020,39.01,40.15,40.7,37.92,171.20K,171200,-3.61%
09/30/2020,40.47,39.43,40.61,38.95,155.54K,155540,2.30%
09/29/2020,39.56,40.84,40.94,38.7,152.53K,152530,-3.21%
09/28/2020,40.87,40.24,41.06,40.05,61.39K,61390,0.89%
09/25/2020,40.51,40.35,40.89,40,79.14K,79140,-0.17%
09/24/2020,40.58,39.87,40.64,39.41,78.41K,78410,0.90%
09/23/2020,40.22,40.03,41.04,39.56,87.56K,87560,1.06%
09/22/2020,39.8,39.84,40.27,39.19,287.81K,287810,0.66%
09/21/2020,39.54,41.19,41.49,38.87,405.21K,405210,-4.31%
09/18/2020,41.32,41.2,41.72,40.52,269.71K,269710,0.24%
09/17/2020,41.22,40.41,41.48,39.67,270.18K,270180,2.00%
09/16/2020,40.41,38.65,40.59,38.62,283.42K,283420,4.82%
09/15/2020,38.55,37.6,38.82,37.36,217.08K,217080,2.64%
09/14/2020,37.56,37.6,37.97,37.12,185.19K,185190,-0.24%
09/11/2020,37.65,37.34,38.12,37.02,152.70K,152700,-0.03%
09/10/2020,37.66,38.16,38.53,37.27,171.07K,171070,-1.95%
09/09/2020,38.41,37.18,38.78,36.6,197.32K,197320,3.28%
09/08/2020,37.19,39.86,39.96,36.58,269.13K,269130,-5.13%
09/07/2020,39.2,38.77,39.53,38.77,,0,1.16%
09/06/2020,38.75,39.47,39.48,38.57,,0,-3.49%
09/04/2020,40.15,41.6,42.19,39.75,115.67K,115670,-3.76%
09/03/2020,41.72,41.96,42.14,40.61,114.48K,114480,-0.31%
09/02/2020,41.85,43.35,43.51,41.59,120.08K,120080,-2.86%
09/01/2020,43.08,43.12,43.7,43.04,110.25K,110250,0.42%
08/31/2020,42.9,43.3,43.89,42.84,77.85K,77850,-0.90%
08/28/2020,43.29,43.27,43.69,43.03,102.45K,102450,-0.05%
08/27/2020,43.31,43.78,43.81,42.68,93.85K,93850,-0.87%
08/26/2020,43.69,43.74,44.05,43.32,80.80K,80800,0.09%
08/25/2020,43.65,42.71,43.84,42.63,108.41K,108410,1.68%
08/24/2020,42.93,42.72,43.13,42.51,84.97K,84970,0.73%
08/21/2020,42.62,43.01,43.22,41.74,84.77K,84770,-0.47%
08/20/2020,42.82,42.95,42.98,41.63,377.07K,377070,-0.67%
08/19/2020,43.11,42.81,43.21,42.55,304.94K,304940,-0.02%
08/18/2020,43.12,43.05,43.29,42.4,285.14K,285140,-0.12%
08/17/2020,43.17,42.45,43.25,42.09,193.11K,193110,2.03%
08/14/2020,42.31,42.62,42.84,41.93,180.37K,180370,-0.49%
08/13/2020,42.52,42.88,43.1,42.37,179.53K,179530,-1.00%
08/12/2020,42.95,41.92,43.17,41.8,198.19K,198190,2.58%
08/11/2020,41.87,42.21,43.14,41.75,160.19K,160190,-0.71%
08/10/2020,42.17,41.63,42.54,41.43,142.80K,142800,1.64%
08/07/2020,41.49,42.19,42.44,41.33,143.40K,143400,-1.68%
08/06/2020,42.2,42.42,42.87,41.89,115.16K,115160,-0.54%
08/05/2020,42.43,41.8,43.68,41.66,224.29K,224290,1.24%
08/04/2020,41.91,41.08,42.28,40.43,191.80K,191800,1.45%
08/03/2020,41.31,40.7,41.49,39.89,120.59K,120590,1.82%
07/31/2020,40.57,40.65,40.86,39.96,102.57K,102570,0.82%
07/30/2020,40.24,41.59,41.64,39,162.72K,162720,-3.13%
07/29/2020,41.54,41.29,41.81,41.19,109.96K,109960,0.63%
07/28/2020,41.28,41.88,42.12,41.08,74.00K,74000,-1.24%
07/27/2020,41.8,41.45,41.99,40.69,119.48K,119480,0.84%
07/24/2020,41.45,41.23,41.81,40.83,83.04K,83040,0.58%
07/23/2020,41.21,42.1,42.51,40.99,104.70K,104700,-1.97%
07/22/2020,42.04,41.68,42.16,41.31,93.95K,93950,0.29%
07/21/2020,41.92,40.8,42.51,40.74,389.12K,389120,2.44%
07/20/2020,40.92,40.77,41.02,39.97,329.77K,329770,0.42%
07/17/2020,40.75,40.9,41.05,40.18,272.44K,272440,-0.44%
07/16/2020,40.93,41.19,41.38,40.69,203.85K,203850,-1.14%
07/15/2020,41.4,40.79,41.46,40.32,248.30K,248300,2.10%
07/14/2020,40.55,39.84,40.8,39.31,238.30K,238300,0.57%
07/13/2020,40.32,40.57,40.91,39.7,207.20K,207200,-1.08%
07/10/2020,40.76,39.83,40.92,38.77,185.49K,185490,2.33%
07/09/2020,39.83,41.03,41.12,39.45,170.99K,170990,-2.95%
07/08/2020,41.04,40.57,41.16,40.4,130.35K,130350,0.84%
07/07/2020,40.7,40.75,41.01,40,96.87K,96870,-0.07%
07/06/2020,40.73,40.43,41.19,39.95,166.94K,166940,1.12%
07/03/2020,40.28,40.23,40.5,39.86,,0,-1.18%
07/02/2020,40.76,39.85,40.84,39.57,151.37K,151370,2.10%
07/01/2020,39.92,39.88,40.61,39.11,207.27K,207270,1.47%
06/30/2020,39.34,39.76,40.12,38.96,228.32K,228320,-1.18%
06/29/2020,39.81,38.12,39.99,37.69,145.18K,145180,3.00%
06/26/2020,38.65,39.23,39.5,37.96,130.78K,130780,-0.67%
06/25/2020,38.91,38.26,39.38,37.32,136.44K,136440,1.83%
06/24/2020,38.21,40.16,40.68,37.52,163.08K,163080,-5.68%
06/23/2020,40.51,40.78,41.74,39.9,102.60K,102600,-0.54%
06/22/2020,40.73,39.02,40.77,39,315.26K,315260,2.26%
06/19/2020,39.83,39.03,40.6,38.51,497.18K,497180,2.00%
06/18/2020,39.05,38,39.17,37.4,341.48K,341480,2.20%
06/17/2020,38.21,38.21,39.01,37.48,289.58K,289580,-1.14%
06/16/2020,38.65,37.38,39.36,36.67,299.66K,299660,3.26%
06/15/2020,37.43,36.26,37.54,34.66,262.24K,262240,2.52%
06/12/2020,36.51,36.46,37.22,34.74,203.85K,203850,-0.16%
06/11/2020,36.57,39.25,39.25,35.68,231.68K,231680,-8.07%
06/10/2020,39.78,38.72,40.07,37.98,136.50K,136500,1.58%
06/09/2020,39.16,38.51,39.31,37.33,140.18K,140180,1.90%
06/08/2020,38.43,39.67,40.69,38.24,151.63K,151630,-3.44%
06/05/2020,39.8,37.64,39.89,37.35,139.94K,139940,5.51%
06/04/2020,37.72,37.06,37.91,36.71,109.72K,109720,0.35%
06/03/2020,37.59,37.09,38.4,36.24,160.90K,160900,1.43%
06/02/2020,37.06,35.94,37.29,35.64,123.23K,123230,3.55%
06/01/2020,35.79,35.62,36.23,34.65,140.98K,140980,-0.14%
05/29/2020,35.84,34.06,36.11,32.76,162.34K,162340,5.23%
05/28/2020,34.06,32.48,34.57,31.63,141.69K,141690,2.50%
05/27/2020,33.23,34.54,34.7,32.2,127.38K,127380,-4.43%
05/26/2020,34.77,33.77,35.16,32.9,137.75K,137750,2.51%
05/25/2020,33.92,32.92,34.18,32.72,,0,3.10%
05/24/2020,32.9,33.38,33.42,32.5,,0,-2.23%
05/22/2020,33.65,34.41,34.48,31.28,137.02K,137020,-2.01%
05/21/2020,34.34,33.93,35.05,33.78,127.18K,127180,1.18%
05/20/2020,33.94,32.41,34.22,32.11,128.95K,128950,6.20%
05/19/2020,31.96,32.39,32.91,31.13,430.82K,430820,0.98%
05/18/2020,31.65,29.81,33.1,29.55,561.53K,561530,7.22%
05/15/2020,29.52,28.02,29.82,27.53,425.17K,425170,5.88%
05/14/2020,27.88,25.97,28.27,25.56,413.44K,413440,8.57%
05/13/2020,25.68,25.8,26.96,25.25,460.74K,460740,-2.47%
05/12/2020,26.33,25.39,26.87,25.15,459.49K,459490,4.98%
05/11/2020,25.08,25.91,26.73,24.79,436.58K,436580,-4.17%
05/08/2020,26.17,24.81,26.29,24.73,392.79K,392790,5.40%
05/07/2020,24.83,25.56,27.79,24.38,497.36K,497360,-3.08%
05/06/2020,25.62,27.45,27.98,24.55,414.93K,414930,-3.28%
05/05/2020,26.49,23.56,27.4,23.38,405.07K,405070,16.29%
05/04/2020,22.78,21.87,23.79,20.84,274.82K,274820,2.20%
05/01/2020,22.29,22.04,23.4,20.86,330.61K,330610,2.01%
04/30/2020,21.85,19.33,22.3,19.15,434.79K,434790,14.28%
04/29/2020,19.12,18.01,20.36,17.4,380.71K,380710,8.64%
04/28/2020,17.6,18.24,19.66,17.27,613.95K,613950,-2.65%
04/27/2020,18.08,21.13,21.45,17.78,367.14K,367140,-14.80%
04/24/2020,21.22,21.85,22.96,20.73,362.38K,362380,-1.03%
04/23/2020,21.44,20.99,23.4,20.32,344.88K,344880,3.62%
04/22/2020,20.69,20.26,22.79,17.43,530.40K,530400,78.82%
04/21/2020,11.57,21.32,22.58,6.5,2.29M,2290000,-43.37%
04/20/2020,20.43,24.76,24.92,20.19,1.32M,1320000,-18.38%
04/17/2020,25.03,26.42,26.78,24.57,712.98K,712980,-1.96%
04/16/2020,25.53,26.26,27,24.93,439.67K,439670,-1.96%
04/15/2020,26.04,27.84,28.14,25.84,367.57K,367570,-4.96%
04/14/2020,27.4,29.2,29.95,27.25,436.46K,436460,-6.36%
04/13/2020,29.26,30.3,30.57,28.26,399.07K,399070,1.53%
04/09/2020,28.82,30.82,33.15,28.63,438.04K,438040,-4.47%
04/08/2020,30.17,29.21,31.05,29.05,393.26K,393260,5.16%
04/07/2020,28.69,30.21,31.3,28.53,317.26K,317260,-4.30%
04/06/2020,29.98,29.2,31.27,28.13,209.52K,209520,-2.98%
04/03/2020,30.9,27.34,31.62,26.53,317.83K,317830,10.16%
04/02/2020,28.05,24.19,30.16,23.92,447.84K,447840,18.16%
04/01/2020,23.74,24.18,24.72,23.63,276.33K,276330,-3.14%