Year,Month,Data #,Degrees
1882,1,1,-10.6
1882,2,2,-35.6
1882,3,3,-40.6
1882,4,4,-42.3
1882,5,5,-36.5
1882,6,6,-19.6
1882,7,7,-5.2
1882,8,8,8.5
1882,9,9,12.9
1882,10,10,19.9
1882,11,11,14.1
1882,12,12,4.8
1883,1,13,-8.9
1883,2,14,-28.9
1883,3,15,-40.2
1883,4,16,-41.9
1883,5,17,-32.8
1883,6,18,-25
1883,7,19,-9
1883,8,20,1.9
1883,9,21,14.6
1883,10,22,21.4
1883,11,23,15.2
1883,12,24,6.9
1884,1,25,-7.4
1884,2,26,-24.9
1884,3,27,-38.5
1884,4,28,-45.1
1884,5,29,-36.4
1884,6,30,-17.8
1884,7,31,-11.6
1884,8,32,2.1
1884,9,33,13.2
1884,10,34,19.3
1884,11,35,13.6
1884,12,36,5.5
1885,1,37,-8.5
1885,2,38,-28.5
1885,3,39,-42
1885,4,40,-42.6
1885,5,41,-33.1
1885,6,42,-23
1885,7,43,-6.5
1885,8,44,3.5
1885,9,45,12.7
1885,10,46,15.8
1885,11,47,10.4
1885,12,48,5
1886,1,49,-9.6
1886,2,50,-28.9
1886,3,51,-39.7
1886,4,52,-43.5
1886,5,53,-32.2
1886,6,54,-17.2
1886,7,55,-6.5
1886,8,56,6.3
1886,9,57,17.7
1886,10,58,17.2
1886,11,59,11.2
1886,12,60,7.2
1887,1,61,-7.9
1887,2,62,-32.4
1887,3,63,-40.4
1887,4,64,-43.3
1887,5,65,-39.8
1887,6,66,-24.8
1887,7,67,-8.2
1887,8,68,5.7
1887,9,69,13.8
1887,10,70,17.5
1887,11,71,15
1887,12,72,4.8
1888,1,73,-7.9
1888,2,74,-25.6
1888,3,75,-43.1
1888,4,76,-44.8
1888,5,77,-28
1888,6,78,-23.4
1888,7,79,-6.1
1888,8,80,5.9
1888,9,81,16.7
1888,10,82,19.7
1888,11,83,13.2
1888,12,84,6.7
1889,1,85,-10.5
1889,2,86,-29.2
1889,3,87,-39.2
1889,4,88,-46.1
1889,5,89,-39
1889,6,90,-21.3
1889,7,91,-5.4
1889,8,92,5.5
1889,9,93,16.7
1889,10,94,19.1
1889,11,95,15
1889,12,96,9.3
1890,1,97,-4.8
1890,2,98,-30.3
1890,3,99,-43
1890,4,100,-45.5
1890,5,101,-35.3
1890,6,102,-16.2
1890,7,103,-6.6
1890,8,104,7.2
1890,9,105,16.2
1890,10,106,18.8
1890,11,107,14.5
1890,12,108,5.6
1891,1,109,-10.2
1891,2,110,-29.5
1891,3,111,-38
1891,4,112,-46.3
1891,5,113,-40.5
1891,6,114,-22.6
1891,7,115,-7
1891,8,116,6.8
1891,9,117,17.1
1891,10,118,15.8
1891,11,119,14.1
1891,12,120,5.4
1892,1,121,-5.7
1892,2,122,-28.2
1892,3,123,-40.4
1892,4,124,-42.3
1892,5,125,-37.3
1892,6,126,-22
1892,7,127,-4.8
1892,8,128,8.2
1892,9,129,17.4
1892,10,130,21.3
1892,11,131,12.7
1892,12,132,6.1
1893,1,133,-6.9
1893,2,134,-27.3
1893,3,135,-38.2
1893,4,136,-44.2
1893,5,137,-38.3
1893,6,138,-18.8
1893,7,139,-4.9
1893,8,140,5.6
1893,9,141,13.6
1893,10,142,21.7
1893,11,143,14.6
1893,12,144,5.9
1894,1,145,-10
1894,2,146,-27.8
1894,3,147,-36.9
1894,4,148,-49.8
1894,5,149,-37.3
1894,6,150,-24.9
1894,7,151,-9.3
1894,8,152,3
1894,9,153,18
1894,10,154,19.8
1894,11,155,15.3
1894,12,156,7.6
1895,1,157,-8.3
1895,2,158,-30.1
1895,3,159,-37.2
1895,4,160,-40.3
1895,5,161,-32.8
1895,6,162,-21.9
1895,7,163,-13.2
1895,8,164,3.5
1895,9,165,15
1895,10,166,18.5
1895,11,167,16.6
1895,12,168,7.9
1896,1,169,-5.5
1896,2,170,-26.8
1896,3,171,-42.3
1896,4,172,-49.4
1896,5,173,-33.8
1896,6,174,-23.2
1896,7,175,-6.2
1896,8,176,7.1
1896,9,177,15.8
1896,10,178,19.9
1896,11,179,15.1
1896,12,180,5.5
1897,1,181,-6.5
1897,2,182,-23.4
1897,3,183,-34.7
1897,4,184,-42.9
1897,5,185,-29.5
1897,6,186,-25.9
1897,7,187,-11.7
1897,8,188,6
1897,9,189,14.7
1897,10,190,17
1897,11,191,15.7
1897,12,192,4.1
1898,1,193,-9.6
1898,2,194,-32
1898,3,195,-41.2
1898,4,196,-42.4
1898,5,197,-35.4
1898,6,198,-22.1
1898,7,199,-10.4
1898,8,200,4.2
1898,9,201,13.1
1898,10,202,18.9
1898,11,203,17.9
1898,12,204,7.1
1899,1,205,-4.7
1899,2,206,-30
1899,3,207,-45.3
1899,4,208,-51.4
1899,5,209,-43.7
1899,6,210,-22
1899,7,211,-6.1
1899,8,212,6.1
1899,9,213,12.5
1899,10,214,16.4
1899,11,215,14.2
1899,12,216,8.3
1900,1,217,-7.3
1900,2,218,-29
1900,3,219,-39.5
1900,4,220,-44.4
1900,5,221,-36.2
1900,6,222,-19
1900,7,223,-5.3
1900,8,224,5.4
1900,9,225,15.8
1900,10,226,18.4
1900,11,227,15.4
1900,12,228,5.7
1901,1,229,-9.5
1901,2,230,-27.2
1901,3,231,-38.8
1901,4,232,-48.6
1901,5,233,-34.2
1901,6,234,-24.2
1901,7,235,-9.3
1901,8,236,2.3
1901,9,237,16.2
1901,10,238,18.5
1901,11,239,13.9
1901,12,240,5.3
1902,1,241,-10.2
1902,2,242,-31.5
1902,3,243,-37.9
1902,4,244,-37.4
1902,5,245,-27.5
1902,6,246,-18.9
1902,7,247,-11.2
1902,8,248,6.2
1902,9,249,16.1
1902,10,250,18.7
1902,11,251,14.3
1902,12,252,5.8
1903,1,253,-10.1
1903,2,254,-22
1903,3,255,-44
1903,4,256,-38.7
1903,5,257,-37.2
1903,6,258,-21
1903,7,259,-5.5
1903,8,260,3.4
1903,9,261,11.9
1903,10,262,16.8
1903,11,263,13.1
1903,12,264,5.5
1904,1,265,-10.3
1904,2,266,-23.3
1904,3,267,-37.3
1904,4,268,-35.8
1904,5,269,-37.5
1904,6,270,-21.7
1904,7,271,-10.4
1904,8,272,3.5
1904,9,273,14.3
1904,10,274,16.7
1904,11,275,13
1904,12,276,6
1905,1,277,-10.6
1905,2,278,-30.4
1905,3,279,-41.9
1905,4,280,-41.2
1905,5,281,-36.6
1905,6,282,-20.3
1905,7,283,-7.3
1905,8,284,6.2
1905,9,285,18.3
1905,10,286,18.8
1905,11,287,16.2
1905,12,288,7
1906,1,289,-6.4
1906,2,290,-30.2
1906,3,291,-31.6
1906,4,292,-45.7
1906,5,293,-34
1906,6,294,-23.2
1906,7,295,-5.9
1906,8,296,5.8
1906,9,297,14.3
1906,10,298,18.6
1906,11,299,14.3
1906,12,300,6.3
1907,1,301,-5.4
1907,2,302,-26.3
1907,3,303,-46.7
1907,4,304,-46.6
1907,5,305,-33.3
1907,6,306,-23.6
1907,7,307,-7.3
1907,8,308,6.2
1907,9,309,17
1907,10,310,21.7
1907,11,311,12.1
1907,12,312,9.6
1908,1,313,-4
1908,2,314,-27.1
1908,3,315,-43
1908,4,316,-50.9
1908,5,317,-38.7
1908,6,318,-23.1
1908,7,319,-6.9
1908,8,320,3
1908,9,321,13.2
1908,10,322,18.5
1908,11,323,15.8
1908,12,324,5.3
1909,1,325,-5.5
1909,2,326,-32.3
1909,3,327,-34.7
1909,4,328,-40
1909,5,329,-33.8
1909,6,330,-20.4
1909,7,331,-6.9
1909,8,332,5
1909,9,333,15.8
1909,10,334,22.1
1909,11,335,16.7
1909,12,336,8.1
1910,1,337,-4.7
1910,2,338,-27.3
1910,3,339,-42.2
1910,4,340,-44.8
1910,5,341,-32.3
1910,6,342,-21.3
1910,7,343,-6.3
1910,8,344,4.1
1910,9,345,12.7
1910,10,346,15.4
1910,11,347,16.9
1910,12,348,2.6
1911,1,349,-5.8
1911,2,350,-25.2
1911,3,351,-41.5
1911,4,352,-39.3
1911,5,353,-38.8
1911,6,354,-25.4
1911,7,355,-7.8
1911,8,356,4.8
1911,9,357,16.7
1911,10,358,16.8
1911,11,359,13.5
1911,12,360,5.3
1912,1,361,-10.7
1912,2,362,-29.2
1912,3,363,-45.9
1912,4,364,-42.5
1912,5,365,-37.5
1912,6,366,-20.2
1912,7,367,-10.6
1912,8,368,5.2
1912,9,369,14.4
1912,10,370,16.5
1912,11,371,15.1
1912,12,372,6.5
1913,1,373,-9.3
1913,2,374,-30.5
1913,3,375,-38.4
1913,4,376,-41.3
1913,5,377,-30.6
1913,6,378,-26.4
1913,7,379,-7.8
1913,8,380,4.3
1913,9,381,18.3
1913,10,382,19.9
1913,11,383,15.1
1913,12,384,7.3
1914,1,385,-5.9
1914,2,386,-31.5
1914,3,387,-32.8
1914,4,388,-46.6
1914,5,389,-36.8
1914,6,390,-20
1914,7,391,-8.4
1914,8,392,7
1914,9,393,14.2
1914,10,394,17.4
1914,11,395,9.9
1914,12,396,3.6
1915,1,397,-10.6
1915,2,398,-28.7
1915,3,399,-44.5
1915,4,400,-44.4
1915,5,401,-37.2
1915,6,402,-20.6
1915,7,403,-9.7
1915,8,404,6.1
1915,9,405,16.2
1915,10,406,19.8
1915,11,407,16
1915,12,408,4
1916,1,409,-4.7
1916,2,410,-25.7
1916,3,411,-40.8
1916,4,412,-40.1
1916,5,413,-33.6
1916,6,414,-22.5
1916,7,415,-7.4
1916,8,416,5.3
1916,9,417,16.2
1916,10,418,19.7
1916,11,419,14.5
1916,12,420,7.1
1917,1,421,-7.9
1917,2,422,-25.9
1917,3,423,-36.7
1917,4,424,-40.2
1917,5,425,-38.3
1917,6,426,-20
1917,7,427,-7.6
1917,8,428,7.2
1917,9,429,15.1
1917,10,430,16
1917,11,431,14.3
1917,12,432,5.8
1918,1,433,-9.9
1918,2,434,-25.8
1918,3,435,-44.2
1918,4,436,-42.4
1918,5,437,-38.1
1918,6,438,-23.5
1918,7,439,-5.1
1918,8,440,3.2
1918,9,441,16.7
1918,10,442,19
1918,11,443,15.2
1918,12,444,7.6
1919,1,445,-2.9
1919,2,446,-25.9
1919,3,447,-37.5
1919,4,448,-36.4
1919,5,449,-29.5
1919,6,450,-18.5
1919,7,451,-4.3
1919,8,452,7.3
1919,9,453,13.4
1919,10,454,20.5
1919,11,455,14.8
1919,12,456,5
1920,1,457,-8.9
1920,2,458,-26.4
1920,3,459,-37.9
1920,4,460,-40.4
1920,5,461,-27.2
1920,6,462,-24.6
1920,7,463,-9
1920,8,464,4
1920,9,465,16.4
1920,10,466,16.6
1920,11,467,14.8
1920,12,468,7.8
1921,1,469,-7.5
1921,2,470,-21
1921,3,471,-46.8
1921,4,472,-46.6
1921,5,473,-39.4
1921,6,474,-26.5
1921,7,475,-9.1
1921,8,476,4.6
1921,9,477,15.3
1921,10,478,17.8
1921,11,479,12.9
1921,12,480,5.6
1922,1,481,-9.7
1922,2,482,-28.7
1922,3,483,-33.4
1922,4,484,-46.3
1922,5,485,-33.8
1922,6,486,-18.1
1922,7,487,-7.8
1922,8,488,4
1922,9,489,13.5
1922,10,490,16.7
1922,11,491,13.3
1922,12,492,3.8
1923,1,493,-9.5
1923,2,494,-27.7
1923,3,495,-39.2
1923,4,496,-45
1923,5,497,-36.3
1923,6,498,-22.9
1923,7,499,-8.1
1923,8,500,4.4
1923,9,501,15
1923,10,502,16.1
1923,11,503,16.4
1923,12,504,7.8
1924,1,505,-9.9
1924,2,506,-20
1924,3,507,-31.4
1924,4,508,-33.9
1924,5,509,-41.2
1924,6,510,-24.5
1924,7,511,-8.2
1924,8,512,6
1924,9,513,13.8
1924,10,514,19.6
1924,11,515,14.8
1924,12,516,6.4
1925,1,517,-6.2
1925,2,518,-24.8
1925,3,519,-36.6
1925,4,520,-39.8
1925,5,521,-36.4
1925,6,522,-19
1925,7,523,-8.3
1925,8,524,5.8
1925,9,525,11.5
1925,10,526,19.5
1925,11,527,16.4
1925,12,528,8
1926,1,529,-8.6
1926,2,530,-25.7
1926,3,531,-37
1926,4,532,-45.7
1926,5,533,-39.9
1926,6,534,-23.5
1926,7,535,-6.1
1926,8,536,6.4
1926,9,537,15.8
1926,10,538,17.2
1926,11,539,13.4
1926,12,540,8.2
1927,1,541,-4.3
1927,2,542,-20.9
1927,3,543,-38.6
1927,4,544,-43.3
1927,5,545,-36.3
1927,6,546,-20.9
1927,7,547,-5.7
1927,8,548,5.2
1927,9,549,16
1927,10,550,18.1
1927,11,551,16.3
1927,12,552,4.9
1928,1,553,-6.5
1928,2,554,-26.3
1928,3,555,-36.6
1928,4,556,-47.7
1928,5,557,-37.2
1928,6,558,-22.2
1928,7,559,-8.9
1928,8,560,7.5
1928,9,561,16.1
1928,10,562,18.6
1928,11,563,16.9
1928,12,564,4.3
1929,1,565,-9
1929,2,566,-33.7
1929,3,567,-43.4
1929,4,568,-40.2
1929,5,569,-36.4
1929,6,570,-14.6
1929,7,571,-7.8
1929,8,572,4.4
1929,9,573,16.9
1929,10,574,19.4
1929,11,575,15.4
1929,12,576,7
1930,1,577,-8.6
1930,2,578,-25.7
1930,3,579,-38.4
1930,4,580,-51.1
1930,5,581,-44.6
1930,6,582,-21.6
1930,7,583,-11
1930,8,584,7.7
1930,9,585,17.1
1930,10,586,19
1930,11,587,13.7
1930,12,588,8.6
1931,1,589,-5.6
1931,2,590,-25.8
1931,3,591,-34.3
1931,4,592,-34.9
1931,5,593,-34.4
1931,6,594,-20.8
1931,7,595,-7.9
1931,8,596,5.1
1931,9,597,17.2
1931,10,598,20.9
1931,11,599,15.3
1931,12,600,8.1
1932,1,601,-8.4
1932,2,602,-30.9
1932,3,603,-39.6
1932,4,604,-40.6
1932,5,605,-39
1932,6,606,-27.5
1932,7,607,-9.4
1932,8,608,3.7
1932,9,609,17.5
1932,10,610,17.6
1932,11,611,16.7
1932,12,612,6.6
1933,1,613,-4.3
1933,2,614,-22.4
1933,3,615,-40.7
1933,4,616,-40.1
1933,5,617,-27.6
1933,6,618,-22
1933,7,619,-9.7
1933,8,620,8.2
1933,9,621,17.7
1933,10,622,21
1933,11,623,14.8
1933,12,624,5.5
1934,1,625,-8
1934,2,626,-26.5
1934,3,627,-37.6
1934,4,628,-42.4
1934,5,629,-32.7
1934,6,630,-27.1
1934,7,631,-6.3
1934,8,632,6.6
1934,9,633,16
1934,10,634,21.7
1934,11,635,15.1
1934,12,636,6.2
1935,1,637,-8.6
1935,2,638,-32.1
1935,3,639,-39.1
1935,4,640,-46
1935,5,641,-36.2
1935,6,642,-23
1935,7,643,-4.5
1935,8,644,9.7
1935,9,645,14.1
1935,10,646,19.8
1935,11,647,16.7
1935,12,648,8.3
1936,1,649,-8.2
1936,2,650,-29.9
1936,3,651,-34.9
1936,4,652,-42.2
1936,5,653,-34.1
1936,6,654,-26.5
1936,7,655,-8
1936,8,656,6.7
1936,9,657,16.4
1936,10,658,18.5
1936,11,659,14
1936,12,660,6
1937,1,661,-7
1937,2,662,-30.7
1937,3,663,-39.1
1937,4,664,-41.1
1937,5,665,-37.2
1937,6,666,-21.3
1937,7,667,-4.1
1937,8,668,7.2
1937,9,669,16.4
1937,10,670,19.2
1937,11,671,14.2
1937,12,672,8.5
1938,1,673,-8.4
1938,2,674,-21.5
1938,3,675,-43.8
1938,4,676,-46.3
1938,5,677,-34.3
1938,6,678,-20.7
1938,7,679,-6.4
1938,8,680,7.3
1938,9,681,15.2
1938,10,682,17
1938,11,683,17
1938,12,684,7.2
1939,1,685,-8.1
1939,2,686,-27.1
1939,3,687,-35.1
1939,4,688,-38.6
1939,5,689,-34.7
1939,6,690,-20.3
1939,7,691,-6.3
1939,8,692,4.8
1939,9,693,16
1939,10,694,19.5
1939,11,695,12.8
1939,12,696,4.3
1940,1,697,-12.1
1940,2,698,-34.7
1940,3,699,-39.2
1940,4,700,-44.1
1940,5,701,-42.6
1940,6,702,-26.4
1940,7,703,-5.8
1940,8,704,7.2
1940,9,705,17
1940,10,706,21
1940,11,707,14.5
1940,12,708,4.5
1941,1,709,-9
1941,2,710,-28.7
1941,3,711,-45.8
1941,4,712,-40.7
1941,5,713,-37.8
1941,6,714,-26.2
1941,7,715,-8.1
1941,8,716,5.5
1941,9,717,14.4
1941,10,718,19.9
1941,11,719,13.8
1941,12,720,6
1942,1,721,-10
1942,2,722,-26.6
1942,3,723,-35.5
1942,4,724,-41.5
1942,5,725,-34.8
1942,6,726,-15.5
1942,7,727,-2.6
1942,8,728,7.4
1942,9,729,13.5
1942,10,730,17.3
1942,11,731,14.7
1942,12,732,7.7
1943,1,733,-3.9
1943,2,734,-28.8
1943,3,735,-41
1943,4,736,-42
1943,5,737,-34.7
1943,6,738,-20.4
1943,7,739,-7.7
1943,8,740,7.2
1943,9,741,14.8
1943,10,742,18.5
1943,11,743,16.4
1943,12,744,7.1
1944,1,745,-7.9
1944,2,746,-29.6
1944,3,747,-39.6
1944,4,748,-45.9
1944,5,749,-38.7
1944,6,750,-21.1
1944,7,751,-2.5
1944,8,752,7
1944,9,753,16.1
1944,10,754,19.9
1944,11,755,17.1
1944,12,756,6.6
1945,1,757,-5.9
1945,2,758,-25.3
1945,3,759,-43.6
1945,4,760,-45.9
1945,5,761,-42.3
1945,6,762,-26.7
1945,7,763,-5.3
1945,8,764,3.6
1945,9,765,14.3
1945,10,766,20.3
1945,11,767,14
1945,12,768,3.6
1946,1,769,-8.2
1946,2,770,-28.7
1946,3,771,-39.6
1946,4,772,-44.1
1946,5,773,-32.3
1946,6,774,-22.3
1946,7,775,-6
1946,8,776,5
1946,9,777,16.6
1946,10,778,20.1
1946,11,779,15
1946,12,780,6.7
1947,1,781,-2.5
1947,2,782,-27.9
1947,3,783,-42.9
1947,4,784,-41.8
1947,5,785,-38
1947,6,786,-19.6
1947,7,787,-5.6
1947,8,788,6.6
1947,9,789,16.1
1947,10,790,20.5
1947,11,791,17.5
1947,12,792,6.5
1948,1,793,-4.3
1948,2,794,-23.9
1948,3,795,-39.4
1948,4,796,-40
1948,5,797,-36
1948,6,798,-24.2
1948,7,799,-6.4
1948,8,800,7.2
1948,9,801,17.8
1948,10,802,19.2
1948,11,803,16
1948,12,804,9
1949,1,805,-6.7
1949,2,806,-32.1
1949,3,807,-43.9
1949,4,808,-42.8
1949,5,809,-36.3
1949,6,810,-22.5
1949,7,811,-6.1
1949,8,812,5.9
1949,9,813,15
1949,10,814,17.2
1949,11,815,13.2
1949,12,816,4
1950,1,817,-7.6
1950,2,818,-32.4
1950,3,819,-46
1950,4,820,-44.9
1950,5,821,-39.8
1950,6,822,-24.3
1950,7,823,-9.4
1950,8,824,5.7
1950,9,825,13.7
1950,10,826,17.6
1950,11,827,15.6
1950,12,828,8.2
1951,1,829,-4.1
1951,2,830,-24.7
1951,3,831,-33.3
1951,4,832,-48.9
1951,5,833,-40.9
1951,6,834,-20.1
1951,7,835,-7
1951,8,836,4.5
1951,9,837,14.2
1951,10,838,21.7
1951,11,839,16.5
1951,12,840,6.5
1952,1,841,-10.5
1952,2,842,-37.5
1952,3,843,-43.3
1952,4,844,-41.2
1952,5,845,-34.6
1952,6,846,-20.6
1952,7,847,-4.5
1952,8,848,9.4
1952,9,849,15.1
1952,10,850,16.8
1952,11,851,13.9
1952,12,852,5.8
1953,1,853,-7.7
1953,2,854,-31.3
1953,3,855,-38.6
1953,4,856,-42.9
1953,5,857,-33.1
1953,6,858,-24.6
1953,7,859,-6.1
1953,8,860,3.5
1953,9,861,16.6
1953,10,862,20.7
1953,11,863,16.5
1953,12,864,4.7
1954,1,865,-9.1
1954,2,866,-32.1
1954,3,867,-41
1954,4,868,-40.1
1954,5,869,-37.5
1954,6,870,-26.7
1954,7,871,-9.2
1954,8,872,7.9
1954,9,873,15.7
1954,10,874,16.9
1954,11,875,14.6
1954,12,876,5.4
1955,1,877,-6.7
1955,2,878,-27.7
1955,3,879,-44.5
1955,4,880,-43.8
1955,5,881,-37.8
1955,6,882,-25.2
1955,7,883,-10.5
1955,8,884,3.2
1955,9,885,16.3
1955,10,886,19.5
1955,11,887,14.5
1955,12,888,6.7
1956,1,889,-11.5
1956,2,890,-26.5
1956,3,891,-36.6
1956,4,892,-36.9
1956,5,893,-38.9
1956,6,894,-22.7
1956,7,895,-6.3
1956,8,896,6.6
1956,9,897,15.2
1956,10,898,18.7
1956,11,899,15.5
1956,12,900,4.3
1957,1,901,-9.8
1957,2,902,-29.6
1957,3,903,-38.1
1957,4,904,-44.3
1957,5,905,-36
1957,6,906,-25.7
1957,7,907,-7.7
1957,8,908,5.4
1957,9,909,12.4
1957,10,910,17.7
1957,11,911,14.9
1957,12,912,6.7
1958,1,913,-11
1958,2,914,-29.6
1958,3,915,-41.9
1958,4,916,-45.1
1958,5,917,-33.4
1958,6,918,-16.3
1958,7,919,-8.5
1958,8,920,6.2
1958,9,921,18.4
1958,10,922,16
1958,11,923,17.8
1958,12,924,8.3
1959,1,925,-7.7
1959,2,926,-23.4
1959,3,927,-38.2
1959,4,928,-44.9
1959,5,929,-36.1
1959,6,930,-25.3
1959,7,931,-9.7
1959,8,932,7
1959,9,933,16.5
1959,10,934,18.7
1959,11,935,13.7
1959,12,936,5.9
1960,1,937,-10.7
1960,2,938,-29.9
1960,3,939,-42.2
1960,4,940,-46.7
1960,5,941,-34.9
1960,6,942,-23.1
1960,7,943,-7.9
1960,8,944,4.8
1960,9,945,15.8
1960,10,946,18.1
1960,11,947,15.9
1960,12,948,7.6
1961,1,949,-7.9
1961,2,950,-26
1961,3,951,-34.3
1961,4,952,-36.9
1961,5,953,-31
1961,6,954,-22.5
1961,7,955,-7.3
1961,8,956,5.9
1961,9,957,14.2
1961,10,958,18.9
1961,11,959,16.1
1961,12,960,4.8
1962,1,961,-7.4
1962,2,962,-29.5
1962,3,963,-39.3
1962,4,964,-32.7
1962,5,965,-32.7
1962,6,966,-20.5
1962,7,967,-9.1
1962,8,968,3.2
1962,9,969,15
1962,10,970,18.5
1962,11,971,15.8
1962,12,972,6.5
1963,1,973,-7.4
1963,2,974,-23.9
1963,3,975,-36.7
1963,4,976,-37.4
1963,5,977,-36.5
1963,6,978,-21.7
1963,7,979,-9.2
1963,8,980,4.4
1963,9,981,14.4
1963,10,982,18.9
1963,11,983,13.8
1963,12,984,3.8
1964,1,985,-9.7
1964,2,986,-30.1
1964,3,987,-42.6
1964,4,988,-43.2
1964,5,989,-38.3
1964,6,990,-23.7
1964,7,991,-6.7
1964,8,992,5.3
1964,9,993,13.4
1964,10,994,18.4
1964,11,995,15
1964,12,996,6.9
1965,1,997,-8
1965,2,998,-31.1
1965,3,999,-46.3
1965,4,1000,-42.1
1965,5,1001,-42.4
1965,6,1002,-24
1965,7,1003,-7.4
1965,8,1004,6.2
1965,9,1005,16.6
1965,10,1006,16.5
1965,11,1007,14.2
1965,12,1008,4.5
1966,1,1009,-8.7
1966,2,1010,-31.8
1966,3,1011,-38
1966,4,1012,-41.4
1966,5,1013,-37.1
1966,6,1014,-24
1966,7,1015,-6.8
1966,8,1016,5.8
1966,9,1017,16.5
1966,10,1018,19.2
1966,11,1019,13.6
1966,12,1020,4.4
1967,1,1021,-5.4
1967,2,1022,-29
1967,3,1023,-40
1967,4,1024,-44.4
1967,5,1025,-31.4
1967,6,1026,-16.8
1967,7,1027,-0.2
1967,8,1028,7.8
1967,9,1029,15.6
1967,10,1030,18.3
1967,11,1031,14.4
1967,12,1032,6
1968,1,1033,-7.3
1968,2,1034,-31.1
1968,3,1035,-40.6
1968,4,1036,-41.9
1968,5,1037,-44.1
1968,6,1038,-26.1
1968,7,1039,-9.2
1968,8,1040,6.5
1968,9,1041,14.5
1968,10,1042,18.4
1968,11,1043,18
1968,12,1044,3.1
1969,1,1045,-7.6
1969,2,1046,-31.3
1969,3,1047,-42.7
1969,4,1048,-42.1
1969,5,1049,-35.6
1969,6,1050,-22
1969,7,1051,-7.1
1969,8,1052,3.9
1969,9,1053,13.5
1969,10,1054,21.9
1969,11,1055,13.2
1969,12,1056,7.3
1970,1,1057,-12
1970,2,1058,-28.8
1970,3,1059,-42
1970,4,1060,-43.2
1970,5,1061,-37.6
1970,6,1062,-21.2
1970,7,1063,-7.5
1970,8,1064,8.7
1970,9,1065,16.4
1970,10,1066,19.6
1970,11,1067,14.8
1970,12,1068,6.9
1971,1,1069,-6
1971,2,1070,-27.1
1971,3,1071,-39.2
1971,4,1072,-47.1
1971,5,1073,-37.6
1971,6,1074,-22.4
1971,7,1075,-4.7
1971,8,1076,5.2
1971,9,1077,13.2
1971,10,1078,18.6
1971,11,1079,12.8
1971,12,1080,6.2
1972,1,1081,-6.5
1972,2,1082,-33.2
1972,3,1083,-39
1972,4,1084,-37
1972,5,1085,-34.9
1972,6,1086,-22.2
1972,7,1087,-9.3
1972,8,1088,8.8
1972,9,1089,16.9
1972,10,1090,21.1
1972,11,1091,16.8
1972,12,1092,7.8
1973,1,1093,-7.9
1973,2,1094,-33.7
1973,3,1095,-40.9
1973,4,1096,-38.5
1973,5,1097,-38.4
1973,6,1098,-23.6
1973,7,1099,-5
1973,8,1100,8.7
1973,9,1101,13.9
1973,10,1102,18.9
1973,11,1103,14.7
1973,12,1104,5.8
1974,1,1105,-10.1
1974,2,1106,-29.3
1974,3,1107,-42.3
1974,4,1108,-38.5
1974,5,1109,-38.2
1974,6,1110,-16.8
1974,7,1111,-3.3
1974,8,1112,9.4
1974,9,1113,18.1
1974,10,1114,17
1974,11,1115,13.3
1974,12,1116,5.4
1975,1,1117,-6.9
1975,2,1118,-27.2
1975,3,1119,-32.6
1975,4,1120,-39.3
1975,5,1121,-36.9
1975,6,1122,-22.5
1975,7,1123,-2.4
1975,8,1124,6.3
1975,9,1125,15
1975,10,1126,17.1
1975,11,1127,15.8
1975,12,1128,6.5
1976,1,1129,-9
1976,2,1130,-31.5
1976,3,1131,-39.9
1976,4,1132,-41.1
1976,5,1133,-38.7
1976,6,1134,-23.3
1976,7,1135,-6.8
1976,8,1136,8.9
1976,9,1137,16.7
1976,10,1138,16.7
1976,11,1139,13.7
1976,12,1140,3.9
1977,1,1141,-12.3
1977,2,1142,-31.2
1977,3,1143,-38.9
1977,4,1144,-44.6
1977,5,1145,-34.4
1977,6,1146,-20.1
1977,7,1147,-1.8
1977,8,1148,5.2
1977,9,1149,15.5
1977,10,1150,16.9
1977,11,1151,15.9
1977,12,1152,5.1
1978,1,1153,-7.8
1978,2,1154,-22
1978,3,1155,-42.2
1978,4,1156,-43.7
1978,5,1157,-36.6
1978,6,1158,-25.9
1978,7,1159,-6.6
1978,8,1160,7.2
1978,9,1161,14.2
1978,10,1162,16.1
1978,11,1163,13.7
1978,12,1164,4.6
1979,1,1165,-12.8
1979,2,1166,-33.4
1979,3,1167,-34.6
1979,4,1168,-36.8
1979,5,1169,-34.1
1979,6,1170,-23.1
1979,7,1171,-5
1979,8,1172,7.2
1979,9,1173,16.1
1979,10,1174,19.3
1979,11,1175,14.5
1979,12,1176,3.9
1980,1,1177,-8.6
1980,2,1178,-30.4
1980,3,1179,-36.5
1980,4,1180,-43.1
1980,5,1181,-34.8
1980,6,1182,-23.6
1980,7,1183,-5
1980,8,1184,7.5
1980,9,1185,13.4
1980,10,1186,19.4
1980,11,1187,12.7
1980,12,1188,5.6
1981,1,1189,-13.5
1981,2,1190,-36.6
1981,3,1191,-41.3
1981,4,1192,-43.1
1981,5,1193,-34.8
1981,6,1194,-23.6
1981,7,1195,-5
1981,8,1196,7.5
1981,9,1197,13.4
1981,10,1198,19.4
1981,11,1199,12.7
1981,12,1200,5.6
1982,1,1201,-13.5
1982,2,1202,-36.6
1982,3,1203,-41.3
1982,4,1204,-40.6
1982,5,1205,-37.7
1982,6,1206,-18
1982,7,1207,-6.1
1982,8,1208,7.9
1982,9,1209,16
1982,10,1210,19
1982,11,1211,17.4
1982,12,1212,10.9
1983,1,1213,-9.3
1983,2,1214,-20.8
1983,3,1215,-37.9
1983,4,1216,-35.8
1983,5,1217,-36
1983,6,1218,-21.5
1983,7,1219,-4.2
1983,8,1220,9.8
1983,9,1221,14.1
1983,10,1222,19.1
1983,11,1223,12.8
1983,12,1224,4
1984,1,1225,-11.8
1984,2,1226,-30
1984,3,1227,-40
1984,4,1228,-43.7
1984,5,1229,-34
1984,6,1230,-21.6
1984,7,1231,-4.1
1984,8,1232,7.5
1984,9,1233,15.8
1984,10,1234,18.1
1984,11,1235,14.9
1984,12,1236,6.6
1985,1,1237,-8.5
1985,2,1238,-26.1
1985,3,1239,-38.5
1985,4,1240,-41
1985,5,1241,-34.4
1985,6,1242,-20.5
1985,7,1243,-6.7
1985,8,1244,4.8
1985,9,1245,16.9
1985,10,1246,19.9
1985,11,1247,16.4
1985,12,1248,6.3
1986,1,1249,-6.6
1986,2,1250,-29.3
1986,3,1251,-39.1
1986,4,1252,-45
1986,5,1253,-33.6
1986,6,1254,-22.5
1986,7,1255,-7.6
1986,8,1256,3
1986,9,1257,14.5
1986,10,1258,18.6
1986,11,1259,15.7
1986,12,1260,4.1
1987,1,1261,-9.9
1987,2,1262,-31.8
1987,3,1263,-43.1
1987,4,1264,-41.3
1987,5,1265,-34.1
1987,6,1266,-20.9
1987,7,1267,-4.9
1987,8,1268,8.4
1987,9,1269,16.9
1987,10,1270,21.2
1987,11,1271,13.3
1987,12,1272,7.2
1988,1,1273,-4.7
1988,2,1274,-24.3
1988,3,1275,-31.9
1988,4,1276,-39.2
1988,5,1277,-29.5
1988,6,1278,-14.6
1988,7,1279,-6.3
1988,8,1280,7
1988,9,1281,15.4
1988,10,1282,18.1
1988,11,1283,13.8
1988,12,1284,5.4
1989,1,1285,-11.3
1989,2,1286,-27.7
1989,3,1287,-34.3
1989,4,1288,-42.4
1989,5,1289,-35.9
1989,6,1290,-12
1989,7,1291,-5.3
1989,8,1292,9.8
1989,9,1293,17.4
1989,10,1294,17.1
1989,11,1295,16.8
1989,12,1296,4.4
1990,1,1297,-4.3
1990,2,1298,-28.3
1990,3,1299,-34.9
1990,4,1300,-32
1990,5,1301,-35.8
1990,6,1302,-22.4
1990,7,1303,-4.3
1990,8,1304,6.9
1990,9,1305,14.2
1990,10,1306,20.9
1990,11,1307,16.8
1990,12,1308,5
1991,1,1309,-8.6
1991,2,1310,-26.9
1991,3,1311,-34.5
1991,4,1312,-39.5
1991,5,1313,-32.3
1991,6,1314,-20.9
1991,7,1315,-3.6
1991,8,1316,7.6
1991,9,1317,17
1991,10,1318,18.8
1991,11,1319,14.2
1991,12,1320,6.5
1992,1,1321,-5.3
1992,2,1322,-32
1992,3,1323,-35.4
1992,4,1324,-32.4
1992,5,1325,-32.1
1992,6,1326,-21.3
1992,7,1327,-9.4
1992,8,1328,6.6
1992,9,1329,15.9
1992,10,1330,19.7
1992,11,1331,14.8
1992,12,1332,6
1993,1,1333,-7.9
1993,2,1334,-28.4
1993,3,1335,-41.6
1993,4,1336,-45
1993,5,1337,-34.2
1993,6,1338,-19.9
1993,7,1339,-5.3
1993,8,1340,8
1993,9,1341,14.4
1993,10,1342,17.4
1993,11,1343,14.4
1993,12,1344,7.2
1994,1,1345,-4.7
1994,2,1346,-26.5
1994,3,1347,-44
1994,4,1348,-35.9
1994,5,1349,-27.6
1994,6,1350,-22.4
1994,7,1351,-6.2
1994,8,1352,6.4
1994,9,1353,18.8
1994,10,1354,18.5
1994,11,1355,15.2
1994,12,1356,5.9
1995,1,1357,-3.7
1995,2,1358,-26.3
1995,3,1359,-34.1
1995,4,1360,-41.5
1995,5,1361,-30.8
1995,6,1362,-22.6
1995,7,1363,-5.2
1995,8,1364,7.2
1995,9,1365,17.2
1995,10,1366,19.2
1995,11,1367,13.2
1995,12,1368,5.8