Date,Price,Open,High,Low,Volume,Change %
02/27/2025,"1,024.63","1,024.25","1,034.13","1,020.63",30.60K,0.01%
02/26/2025,"1,024.50","1,030.00","1,032.75","1,021.25",74.75K,-0.65%
02/25/2025,"1,031.25","1,029.00","1,035.00","1,019.50",117.59K,0.22%
02/24/2025,"1,029.00","1,038.25","1,043.00","1,027.00",101.53K,-1.01%
02/21/2025,"1,039.50","1,043.75","1,049.25","1,036.50",115.93K,-0.57%
02/20/2025,"1,045.50","1,032.25","1,046.00","1,031.75",112.59K,1.33%
02/19/2025,"1,031.75","1,037.00","1,047.75","1,029.25",133.96K,-0.65%
02/18/2025,"1,038.50","1,033.00","1,041.75","1,026.00",123.33K,0.24%
02/14/2025,"1,036.00","1,030.00","1,046.75","1,029.50",120.77K,0.58%
02/13/2025,"1,030.00","1,028.50","1,032.50","1,024.00",147.39K,0.22%
02/12/2025,"1,027.75","1,043.50","1,047.00","1,024.50",171.58K,-1.51%
02/11/2025,"1,043.50","1,049.00","1,057.00","1,041.50",149.76K,-0.57%
02/10/2025,"1,049.50","1,046.50","1,052.25","1,043.00",128.32K,0.00%
02/07/2025,"1,049.50","1,060.50","1,063.75","1,047.50",154.23K,-1.04%
02/06/2025,"1,060.50","1,057.25","1,066.50","1,049.75",129.16K,0.33%
02/05/2025,"1,057.00","1,073.50","1,079.75","1,053.00",166.30K,-1.67%
02/04/2025,"1,075.00","1,057.50","1,077.25","1,048.25",182.91K,1.58%
02/03/2025,"1,058.25","1,032.00","1,060.25","1,031.75",164.40K,1.56%
01/31/2025,"1,042.00","1,042.75","1,052.00","1,034.00",154.52K,-0.19%
01/30/2025,"1,044.00","1,060.00","1,060.50","1,042.00",135.41K,-1.56%
01/29/2025,"1,060.50","1,045.00","1,061.75","1,044.50",128.05K,1.48%
01/28/2025,"1,045.00","1,042.75","1,050.75","1,041.00",129.00K,0.00%
01/27/2025,"1,045.00","1,050.00","1,051.00","1,040.00",127.36K,-1.02%
01/24/2025,"1,055.75","1,051.00","1,063.00","1,046.75",177.24K,-0.92%
01/23/2025,"1,065.50","1,055.00","1,076.25","1,047.75",148.82K,0.90%
01/22/2025,"1,056.00","1,066.00","1,073.50","1,051.75",214.74K,-1.05%
01/21/2025,"1,067.25","1,045.00","1,068.00","1,039.00",215.09K,3.22%
01/17/2025,"1,034.00","1,019.00","1,039.00","1,019.00",189.42K,1.47%
01/16/2025,"1,019.00","1,042.00","1,042.75","1,018.50",162.10K,-2.28%
01/15/2025,"1,042.75","1,046.00","1,054.00","1,039.75",139.45K,-0.02%
01/14/2025,"1,043.00","1,043.00","1,049.00","1,035.00",0.04K,0.14%
01/13/2025,"1,041.50","1,022.00","1,044.00","1,021.50",0.20K,1.58%
01/10/2025,"1,025.25",996.5,"1,033.50",996.5,267.97K,2.63%
01/09/2025,999,994,"1,000.00",985.75,84.88K,0.45%
01/08/2025,994.5,996.75,"1,001.00",991.75,115.23K,-0.28%
01/07/2025,997.25,997,998.25,985.5,132.28K,-0.05%
01/06/2025,997.75,993.75,"1,009.75",993.25,135.00K,0.60%
01/03/2025,991.75,"1,011.00","1,015.50",988,155.03K,-2.00%
01/02/2025,"1,012.00","1,010.00","1,015.75","1,003.50",129.60K,0.15%
12/31/2024,"1,010.50",991,"1,012.00",990.75,142.79K,1.89%
12/30/2024,991.75,994.25,"1,004.50",986.75,140.33K,0.20%
12/27/2024,989.75,995.75,998.25,988.5,104.44K,-0.75%
12/26/2024,997.25,985,998,981,135.97K,1.63%
12/24/2024,981.25,974.5,981.75,971.75,64.01K,0.59%
12/23/2024,975.5,979.5,984,972.75,105.21K,-0.38%
12/20/2024,979.25,966,982.25,963.25,119.53K,1.32%
12/19/2024,966.5,952,968.5,947,166.73K,1.39%
12/18/2024,953.25,978.75,979.5,952,145.03K,-2.61%
12/17/2024,978.75,986.5,990,972,142.64K,-0.74%
12/16/2024,986,993.75,999.5,985,110.51K,-0.90%
12/13/2024,995,"1,002.00","1,002.50",993,72.77K,-0.82%
12/12/2024,"1,003.25","1,002.00","1,005.25",996.25,130.37K,0.05%
12/11/2024,"1,002.75",999,"1,006.50",994,133.24K,0.25%
12/10/2024,"1,000.25",995.5,"1,005.25",994.25,98.53K,0.48%
12/09/2024,995.5,997.25,"1,008.25",991.75,100.17K,-0.38%
12/06/2024,999.25,999,"1,002.75",993.25,113.33K,0.03%
12/05/2024,999,989.25,999.5,987.75,67.46K,0.93%
12/04/2024,989.75,997,997.75,987,56.86K,-0.75%
12/03/2024,997.25,990.25,"1,003.75",989.75,75.33K,0.63%
12/02/2024,991,996.75,996.75,984.5,67.15K,-0.50%
11/29/2024,996,"1,000.00","1,006.00",989.5,41.45K,-0.10%
11/27/2024,997,994,"1,003.00",993.25,79.27K,0.30%
11/26/2024,994,988.75,999.75,987,78.79K,-0.03%
11/25/2024,994.25,994.25,"1,000.75",991.75,42.04K,0.20%
11/22/2024,992.25,987.75,993.25,982.5,67.13K,0.71%
11/21/2024,985.25,999.75,"1,006.25",983.75,74.34K,-1.40%
11/20/2024,999.25,"1,008.00","1,011.00",995,50.52K,-0.92%
11/19/2024,"1,008.50","1,019.00","1,021.75","1,005.50",48.89K,-1.03%
11/18/2024,"1,019.00","1,012.00","1,020.75",999.25,40.66K,1.02%
11/15/2024,"1,008.75",999.5,"1,015.50",999.25,52.49K,2.15%
11/14/2024,987.5,"1,006.50","1,013.75",986.25,152.38K,-2.01%
11/13/2024,"1,007.75","1,011.50","1,012.75","1,001.75",114.15K,-0.27%
11/12/2024,"1,010.50","1,023.75","1,027.50","1,003.75",158.85K,-1.15%
11/11/2024,"1,022.25","1,030.00","1,042.25","1,019.50",137.40K,-0.78%
11/08/2024,"1,030.25","1,025.00","1,044.00","1,017.50",253.19K,0.39%
11/07/2024,"1,026.25","1,004.00","1,027.75","1,000.50",197.07K,2.24%
11/06/2024,"1,003.75",999.25,"1,007.75",982,208.31K,0.20%
11/05/2024,"1,001.75",997,"1,006.25",996.25,101.65K,0.45%
11/04/2024,997.25,996.5,"1,008.00",994,104.35K,0.35%
11/01/2024,993.75,995.5,"1,008.75",988.75,126.13K,-0.08%
10/31/2024,994.5,991.25,999.25,988.25,107.95K,0.33%
10/30/2024,991.25,978.5,992.75,977.25,159.63K,1.25%
10/29/2024,979,986.75,991.5,978.5,162.48K,-0.71%
10/28/2024,986,995.25,995.25,985.5,146.86K,-1.15%
10/25/2024,997.5,"1,005.00","1,006.00",994,158.66K,-0.75%
10/24/2024,"1,005.00","1,005.00","1,018.00","1,002.50",180.13K,0.00%
10/23/2024,"1,005.00","1,001.00","1,007.50",994.25,130.44K,0.45%
10/22/2024,"1,000.50",989,"1,003.75",986.75,131.97K,1.09%
10/21/2024,989.75,982.5,993.25,981.75,133.30K,0.71%
10/18/2024,982.75,998.5,"1,004.25",982.25,154.63K,-1.53%
10/17/2024,998,993,"1,000.75",980.75,160.55K,0.40%
10/16/2024,994,"1,003.00","1,012.50",992,159.59K,-0.95%
10/15/2024,"1,003.50","1,011.00","1,011.75",995.75,145.04K,-0.79%
10/14/2024,"1,011.50","1,017.25","1,024.00","1,010.75",84.60K,-0.93%
10/11/2024,"1,021.00","1,031.00","1,039.75","1,019.50",115.49K,-1.02%
10/10/2024,"1,031.50","1,036.50","1,042.50","1,028.75",98.20K,-0.53%
10/09/2024,"1,037.00","1,032.50","1,045.25","1,029.75",97.71K,0.24%
10/08/2024,"1,034.50","1,051.50","1,058.00","1,030.25",103.28K,-1.71%
10/07/2024,"1,052.50","1,052.00","1,056.75","1,045.00",73.53K,-0.33%
10/04/2024,"1,056.00","1,063.50","1,073.75","1,054.75",44.70K,-0.80%
10/03/2024,"1,064.50","1,070.75","1,074.50","1,060.25",42.06K,-0.91%
10/02/2024,"1,074.25","1,073.00","1,082.00","1,061.25",54.35K,-0.12%
10/01/2024,"1,075.50","1,073.25","1,083.75","1,063.00",64.37K,0.02%
09/30/2024,"1,075.25","1,078.00","1,087.50","1,069.75",64.09K,-0.72%
09/27/2024,"1,083.00","1,058.25","1,087.00","1,052.50",80.41K,2.24%
09/26/2024,"1,059.25","1,070.00","1,083.00","1,058.00",53.85K,-1.17%
09/25/2024,"1,071.75","1,059.75","1,072.75","1,049.25",66.74K,1.06%
09/24/2024,"1,060.50","1,054.75","1,076.00","1,050.75",68.74K,0.35%
09/23/2024,"1,056.75","1,029.25","1,058.75","1,029.25",80.36K,2.65%
09/20/2024,"1,029.50","1,031.00","1,036.75","1,019.25",34.96K,-0.17%
09/19/2024,"1,031.25","1,032.50","1,036.50","1,025.00",34.14K,-0.07%
09/18/2024,"1,032.00","1,025.75","1,040.50","1,024.75",36.84K,0.71%
09/17/2024,"1,024.75","1,021.50","1,029.75","1,021.00",27.90K,0.12%
09/16/2024,"1,023.50","1,023.50","1,030.50","1,017.75",19.18K,1.71%
09/13/2024,"1,006.25","1,011.50","1,021.00","1,002.25",120.07K,-0.45%
09/12/2024,"1,010.75","1,001.00","1,017.25",997.25,151.99K,1.02%
09/11/2024,"1,000.50",996.5,"1,008.00",995.5,101.59K,0.33%
09/10/2024,997.25,"1,017.25","1,018.75",995.75,134.70K,-2.04%
09/09/2024,"1,018.00","1,002.25","1,020.25","1,001.75",117.32K,1.29%
09/06/2024,"1,005.00","1,022.00","1,031.25","1,003.50",148.22K,-1.81%
09/05/2024,"1,023.50","1,020.00","1,024.75","1,010.00",133.53K,0.20%
09/04/2024,"1,021.50","1,012.00","1,023.00","1,000.75",135.60K,0.94%
09/03/2024,"1,012.00","1,000.00","1,024.50",995.25,184.64K,1.20%
08/30/2024,"1,000.00",991,"1,007.75",989.5,178.21K,0.76%
08/29/2024,992.5,975.5,992.75,975,129.74K,1.59%
08/28/2024,977,986.5,988,972.75,115.85K,-0.96%
08/27/2024,986.5,979.25,991.5,977.25,132.98K,0.59%
08/26/2024,980.75,965,982.25,960.5,132.49K,0.80%
08/23/2024,973,962,974.75,961.75,101.43K,1.20%
08/22/2024,961.5,981,982,960.25,121.77K,-2.04%
08/21/2024,981.5,976,984.75,974,98.49K,0.56%
08/20/2024,976,975,985,970,101.18K,0.00%
08/19/2024,976,957.25,977,957.25,117.18K,1.99%
08/16/2024,957,968,970.25,955,113.16K,-1.19%
08/15/2024,968.5,968.5,978.25,967.5,103.45K,1.71%
08/14/2024,952.25,945.5,958.25,940,15.97K,0.53%
08/13/2024,947.25,971.25,973.25,945.25,20.10K,-2.47%
08/12/2024,971.25,987.5,988.75,959.5,26.84K,-1.77%
08/09/2024,988.75,994,"1,001.00",987.25,15.04K,-0.48%
08/08/2024,993.5,"1,004.75","1,011.50",991.5,22.92K,-1.17%
08/07/2024,"1,005.25","1,014.25","1,015.50","1,000.50",15.48K,-0.86%
08/06/2024,"1,014.00","1,031.25","1,032.25","1,011.75",23.49K,-1.70%
08/05/2024,"1,031.50","1,020.25","1,032.75","1,005.00",24.35K,1.33%
08/02/2024,"1,018.00","1,008.25","1,023.00","1,007.00",16.74K,0.89%
08/01/2024,"1,009.00","1,014.50","1,018.50","1,005.75",34.65K,-0.54%
07/31/2024,"1,014.50","1,010.00","1,021.75","1,005.25",27.89K,0.35%
07/30/2024,"1,011.00","1,028.25","1,033.00","1,008.50",33.25K,-1.84%
07/29/2024,"1,030.00","1,038.50","1,038.50","1,008.50",45.90K,-1.15%
07/26/2024,"1,042.00","1,068.75","1,075.75","1,038.75",39.48K,-3.02%
07/25/2024,"1,074.50","1,060.75","1,076.75","1,054.25",29.42K,1.34%
07/24/2024,"1,060.25","1,069.75","1,075.50","1,059.00",23.86K,-1.07%
07/23/2024,"1,071.75","1,063.25","1,082.25","1,060.75",31.85K,0.66%
07/22/2024,"1,064.75","1,041.00","1,066.25","1,040.75",26.33K,2.70%
07/19/2024,"1,036.75","1,040.00","1,049.50","1,035.75",22.07K,-0.38%
07/18/2024,"1,040.75","1,039.75","1,043.75","1,030.25",25.58K,0.24%
07/17/2024,"1,038.25","1,038.00","1,044.75","1,034.50",29.35K,0.05%
07/16/2024,"1,037.75","1,033.50","1,047.25","1,031.50",24.44K,0.39%
07/15/2024,"1,033.75","1,048.75","1,056.75","1,032.25",21.08K,-6.45%
07/12/2024,"1,105.00","1,117.00","1,119.00","1,102.50",41.40K,-1.07%
07/11/2024,"1,117.00","1,113.25","1,124.75","1,108.00",35.52K,0.34%
07/10/2024,"1,113.25","1,131.00","1,138.00","1,112.00",38.84K,-1.59%
07/09/2024,"1,131.25","1,147.00","1,153.00","1,128.50",43.81K,-1.54%
07/08/2024,"1,149.00","1,162.00","1,162.50","1,142.00",38.24K,-1.48%
07/05/2024,"1,166.25","1,157.00","1,169.75","1,150.50",30.60K,0.73%
07/03/2024,"1,157.75","1,150.25","1,162.50","1,146.00",36.95K,0.65%
07/02/2024,"1,150.25","1,145.00","1,161.75","1,143.75",44.35K,0.37%
07/01/2024,"1,146.00","1,133.50","1,147.00","1,129.75",38.67K,1.10%
06/28/2024,"1,133.50","1,136.25","1,155.50","1,130.50",53.29K,-0.24%
06/27/2024,"1,136.25","1,140.50","1,149.25","1,133.75",69.75K,-0.53%
06/26/2024,"1,142.25","1,145.25","1,157.75","1,140.00",61.20K,-0.28%
06/25/2024,"1,145.50","1,160.00","1,162.00","1,140.75",58.52K,-1.29%
06/24/2024,"1,160.50","1,147.00","1,162.50","1,141.25",53.70K,1.18%
06/21/2024,"1,147.00","1,140.25","1,152.00","1,140.25",42.36K,0.64%
06/20/2024,"1,139.75","1,155.25","1,158.25","1,139.25",51.72K,-1.41%
06/18/2024,"1,156.00","1,147.00","1,159.75","1,145.25",46.05K,0.87%
06/17/2024,"1,146.00","1,168.00","1,168.00","1,145.75",42.69K,-1.90%
06/14/2024,"1,168.25","1,177.25","1,177.50","1,167.00",48.34K,-0.85%
06/13/2024,"1,178.25","1,167.00","1,179.75","1,161.00",45.34K,0.99%
06/12/2024,"1,166.75","1,170.25","1,177.50","1,162.25",40.00K,-0.43%
06/11/2024,"1,171.75","1,182.00","1,186.25","1,170.75",51.14K,-0.93%
06/10/2024,"1,182.75","1,178.00","1,186.50","1,173.75",31.91K,0.51%
06/07/2024,"1,176.75","1,194.00","1,195.75","1,170.75",36.31K,-1.40%
06/06/2024,"1,193.50","1,175.00","1,198.75","1,173.25",39.32K,1.64%
06/05/2024,"1,174.25","1,177.50","1,188.25","1,172.25",44.01K,-0.28%
06/04/2024,"1,177.50","1,181.75","1,187.25","1,175.25",38.57K,-0.42%
06/03/2024,"1,182.50","1,202.50","1,203.75","1,180.75",26.31K,-1.74%
05/31/2024,"1,203.50","1,208.00","1,221.25","1,201.00",22.34K,-0.37%
05/30/2024,"1,208.00","1,212.75","1,219.00","1,206.00",22.69K,-0.47%
05/29/2024,"1,213.75","1,228.00","1,230.50","1,212.75",31.62K,-1.24%
05/28/2024,"1,229.00","1,247.00","1,251.50","1,226.25",28.28K,-1.29%
05/24/2024,"1,245.00","1,237.00","1,247.75","1,234.25",18.39K,0.59%
05/23/2024,"1,237.75","1,243.25","1,255.00","1,234.50",19.73K,-0.44%
05/22/2024,"1,243.25","1,233.25","1,247.00","1,231.75",16.98K,0.75%
05/21/2024,"1,234.00","1,240.75","1,244.25","1,228.25",20.90K,-0.72%
05/20/2024,"1,243.00","1,224.50","1,245.50","1,220.50",24.16K,1.45%
05/17/2024,"1,225.25","1,217.00","1,230.00","1,216.00",27.82K,0.70%
05/16/2024,"1,216.75","1,215.50","1,221.00","1,212.25",19.97K,0.04%
05/15/2024,"1,216.25","1,218.75","1,235.00","1,213.00",18.77K,0.14%
05/14/2024,"1,214.50","1,219.25","1,222.50","1,203.50",115.52K,-0.41%
05/13/2024,"1,219.50","1,219.00","1,228.25","1,211.50",132.05K,0.04%
05/10/2024,"1,219.00","1,210.25","1,222.50","1,204.50",149.16K,0.87%
05/09/2024,"1,208.50","1,227.75","1,236.75","1,206.25",151.11K,-1.57%
05/08/2024,"1,227.75","1,244.00","1,248.00","1,225.50",151.41K,-1.50%
05/07/2024,"1,246.50","1,247.00","1,256.50","1,240.25",189.98K,-0.18%
05/06/2024,"1,248.75","1,214.75","1,251.25","1,207.00",227.96K,2.78%
05/03/2024,"1,215.00","1,198.25","1,216.50","1,197.75",166.94K,1.33%
05/02/2024,"1,199.00","1,170.25","1,201.75","1,170.25",189.78K,2.46%
05/01/2024,"1,170.25","1,161.00","1,171.50","1,156.25",88.68K,0.62%
04/30/2024,"1,163.00","1,182.00","1,184.00","1,158.75",153.69K,-1.61%
04/29/2024,"1,182.00","1,176.00","1,190.25","1,175.00",173.73K,0.40%
04/26/2024,"1,177.25","1,179.00","1,181.00","1,172.50",136.04K,-0.21%
04/25/2024,"1,179.75","1,180.25","1,183.50","1,166.75",173.91K,-0.15%
04/24/2024,"1,181.50","1,181.00","1,191.75","1,179.25",155.92K,-0.04%
04/23/2024,"1,182.00","1,176.50","1,184.25","1,173.00",144.32K,0.47%
04/22/2024,"1,176.50","1,162.50","1,182.25","1,159.75",151.67K,0.92%
04/19/2024,"1,165.75","1,148.25","1,168.00","1,145.75",136.57K,1.46%
04/18/2024,"1,149.00","1,164.00","1,164.50","1,147.75",113.39K,-1.31%
04/17/2024,"1,164.25","1,160.50","1,169.50","1,156.75",90.62K,0.37%
04/16/2024,"1,160.00","1,171.50","1,177.25","1,158.00",125.41K,-1.02%
04/15/2024,"1,172.00","1,185.25","1,188.50","1,169.00",89.74K,-1.24%
04/12/2024,"1,186.75","1,170.50","1,192.75","1,167.00",116.21K,1.22%
04/11/2024,"1,172.50","1,177.00","1,179.75","1,163.75",119.98K,-0.47%
04/10/2024,"1,178.00","1,186.75","1,193.25","1,176.25",109.72K,-0.82%
04/09/2024,"1,187.75","1,194.25","1,197.50","1,185.50",98.49K,-0.54%
04/08/2024,"1,194.25","1,198.50","1,204.25","1,193.50",116.54K,-0.21%
04/05/2024,"1,196.75","1,190.25","1,202.25","1,185.00",107.54K,0.38%
04/04/2024,"1,192.25","1,195.25","1,199.50","1,183.50",77.08K,-0.25%
04/03/2024,"1,195.25","1,189.00","1,200.00","1,182.25",102.99K,0.63%
04/02/2024,"1,187.75","1,199.50","1,212.50","1,184.75",102.11K,-0.98%
04/01/2024,"1,199.50","1,209.25","1,215.75","1,196.00",68.99K,0.63%
03/29/2024,"1,192.00","1,192.00","1,192.00","1,192.00",,-1.10%
03/28/2024,"1,205.25","1,205.50","1,213.00","1,191.00",92.98K,-0.10%
03/27/2024,"1,206.50","1,210.00","1,211.50","1,203.50",61.06K,-0.49%
03/26/2024,"1,212.50","1,220.00","1,221.00","1,211.50",69.39K,-0.76%
03/25/2024,"1,221.75","1,206.50","1,222.50","1,200.75",56.44K,1.35%
03/22/2024,"1,205.50","1,224.75","1,224.75","1,202.25",54.94K,-1.65%
03/21/2024,"1,225.75","1,223.25","1,240.00","1,218.00",72.92K,0.20%
03/20/2024,"1,223.25","1,200.25","1,225.00","1,198.00",81.20K,1.92%
03/19/2024,"1,200.25","1,202.25","1,206.75","1,196.00",57.44K,-0.17%
03/18/2024,"1,202.25","1,212.50","1,220.25","1,201.25",43.33K,-0.85%
03/15/2024,"1,212.50","1,208.25","1,213.75","1,198.00",58.24K,1.44%
03/14/2024,"1,195.25","1,196.00","1,217.50","1,191.50",164.06K,-0.13%
03/13/2024,"1,196.75","1,192.25","1,199.25","1,182.75",127.50K,0.06%
03/12/2024,"1,196.00","1,179.00","1,196.50","1,175.75",143.45K,1.42%
03/11/2024,"1,179.25","1,185.25","1,189.25","1,175.00",129.94K,-0.40%
03/08/2024,"1,184.00","1,165.00","1,185.00","1,153.75",192.52K,1.52%
03/07/2024,"1,166.25","1,149.00","1,167.00","1,147.00",146.03K,1.57%
03/06/2024,"1,148.25","1,149.25","1,153.50","1,140.25",102.49K,-0.07%
03/05/2024,"1,149.00","1,155.00","1,158.75","1,146.75",120.02K,-0.52%
03/04/2024,"1,155.00","1,152.25","1,165.75","1,151.00",112.79K,0.33%
03/01/2024,"1,151.25","1,139.00","1,152.25","1,137.25",104.11K,0.92%
02/29/2024,"1,140.75","1,144.75","1,148.75","1,128.50",142.37K,-0.39%
02/28/2024,"1,145.25","1,141.50","1,151.50","1,134.00",129.92K,0.39%
02/27/2024,"1,140.75","1,145.00","1,161.50","1,138.50",173.77K,-0.39%
02/26/2024,"1,145.25","1,145.00","1,151.00","1,133.50",161.76K,0.31%
02/23/2024,"1,141.75","1,153.00","1,158.50","1,138.25",167.46K,-0.93%
02/22/2024,"1,152.50","1,165.00","1,172.00","1,151.75",143.43K,-1.07%
02/21/2024,"1,165.00","1,183.50","1,184.00","1,162.25",112.81K,-1.56%
02/20/2024,"1,183.50","1,180.00","1,192.00","1,177.25",104.28K,0.62%
02/16/2024,"1,176.25","1,167.50","1,177.50","1,165.50",88.37K,0.88%
02/15/2024,"1,166.00","1,174.25","1,179.50","1,164.25",102.72K,-0.87%
02/14/2024,"1,176.25","1,191.75","1,193.50","1,174.25",98.52K,-1.30%
02/13/2024,"1,191.75","1,196.00","1,201.25","1,188.75",101.07K,-0.50%
02/12/2024,"1,197.75","1,189.00","1,202.50","1,188.75",82.09K,0.65%
02/09/2024,"1,190.00","1,201.00","1,204.25","1,188.25",85.81K,-0.81%
02/08/2024,"1,199.75","1,196.00","1,211.75","1,188.25",111.67K,0.19%
02/07/2024,"1,197.50","1,207.50","1,211.00","1,188.75",89.09K,-0.89%
02/06/2024,"1,208.25","1,204.75","1,213.75","1,202.00",67.13K,0.29%
02/05/2024,"1,204.75","1,199.75","1,207.00","1,190.00",71.10K,0.54%
02/02/2024,"1,198.25","1,213.75","1,218.25","1,197.00",51.65K,-1.28%
02/01/2024,"1,213.75","1,231.75","1,232.00","1,210.75",58.11K,-1.54%
01/31/2024,"1,232.75","1,228.00","1,233.25","1,216.25",62.17K,0.41%
01/30/2024,"1,227.75","1,204.25","1,230.00","1,199.00",66.48K,1.89%
01/29/2024,"1,205.00","1,218.50","1,219.75","1,202.50",91.50K,-0.92%
01/26/2024,"1,216.25","1,230.25","1,237.75","1,215.50",47.35K,-1.14%
01/25/2024,"1,230.25","1,245.75","1,252.75","1,223.50",63.34K,-1.30%
01/24/2024,"1,246.50","1,246.75","1,252.50","1,242.75",61.45K,-0.04%
01/23/2024,"1,247.00","1,233.00","1,248.00","1,230.50",49.42K,1.14%
01/22/2024,"1,233.00","1,225.75","1,234.50","1,219.50",39.81K,0.82%
01/19/2024,"1,223.00","1,223.75","1,236.75","1,220.75",47.20K,-0.10%
01/18/2024,"1,224.25","1,219.25","1,226.75","1,212.75",47.40K,0.49%
01/17/2024,"1,218.25","1,238.75","1,242.00","1,217.50",53.01K,-1.64%
01/16/2024,"1,238.50","1,238.00","1,249.25","1,232.25",53.38K,1.16%
01/12/2024,"1,224.25","1,237.00","1,246.75","1,203.00",237.25K,-0.99%
01/11/2024,"1,236.50","1,236.25","1,249.75","1,234.25",112.17K,0.00%
01/10/2024,"1,236.50","1,249.00","1,250.00","1,235.25",111.66K,-0.96%
01/09/2024,"1,248.50","1,245.25","1,251.50","1,234.00",109.86K,0.24%
01/08/2024,"1,245.50","1,258.00","1,261.00","1,236.00",122.35K,-0.86%
01/05/2024,"1,256.25","1,267.25","1,271.50","1,255.00",89.36K,-0.89%
01/04/2024,"1,267.50","1,277.00","1,280.75","1,265.00",90.81K,-0.74%
01/03/2024,"1,277.00","1,273.50","1,280.00","1,265.75",101.04K,0.27%
01/02/2024,"1,273.50","1,290.50","1,290.75","1,267.25",120.52K,-1.89%
12/29/2023,"1,298.00","1,311.25","1,316.75","1,296.75",83.91K,-1.07%
12/28/2023,"1,312.00","1,319.50","1,327.50","1,309.00",90.20K,-0.64%
12/27/2023,"1,320.50","1,317.25","1,322.75","1,309.00",81.92K,0.11%
12/26/2023,"1,319.00","1,307.00","1,319.75","1,302.50",73.16K,0.98%
12/22/2023,"1,306.25","1,301.00","1,310.50","1,298.25",82.30K,0.35%
12/21/2023,"1,301.75","1,316.50","1,316.75","1,299.25",98.81K,-1.06%
12/20/2023,"1,315.75","1,322.25","1,328.25","1,311.25",121.94K,-0.51%
12/19/2023,"1,322.50","1,339.00","1,340.50","1,320.25",127.20K,-1.31%
12/18/2023,"1,340.00","1,332.75","1,340.75","1,322.75",94.94K,0.64%
12/15/2023,"1,331.50","1,334.00","1,337.75","1,320.75",87.54K,-0.04%
12/14/2023,"1,332.00","1,329.00","1,337.50","1,323.00",64.33K,0.43%
12/13/2023,"1,326.25","1,341.75","1,342.25","1,321.75",101.07K,-1.23%
12/12/2023,"1,342.75","1,353.25","1,360.00","1,338.50",119.64K,-0.78%
12/11/2023,"1,353.25","1,328.50","1,355.00","1,326.50",104.18K,2.29%
12/08/2023,"1,323.00","1,330.75","1,348.00","1,318.00",88.80K,-0.55%
12/07/2023,"1,330.25","1,316.00","1,336.50","1,311.75",101.59K,1.12%
12/06/2023,"1,315.50","1,330.00","1,334.00","1,314.00",84.21K,-0.83%
12/05/2023,"1,326.50","1,327.25","1,335.25","1,315.00",67.39K,0.00%
12/04/2023,"1,326.50","1,343.00","1,349.00","1,324.50",77.72K,-1.41%
12/01/2023,"1,345.50","1,361.50","1,362.50","1,344.00",76.43K,-1.23%
11/30/2023,"1,362.25","1,365.25","1,369.75","1,357.75",60.80K,-0.24%
11/29/2023,"1,365.50","1,364.00","1,370.00","1,356.00",51.04K,0.05%
11/28/2023,"1,364.75","1,349.00","1,368.50","1,348.00",67.61K,1.22%
11/27/2023,"1,348.25","1,348.75","1,356.50","1,341.50",48.22K,-0.04%
11/24/2023,"1,348.75","1,372.00","1,372.25","1,347.25",32.18K,-1.86%
11/22/2023,"1,374.25","1,392.75","1,394.50","1,372.00",54.00K,-1.35%
11/21/2023,"1,393.00","1,382.00","1,404.00","1,380.25",54.05K,0.70%
11/20/2023,"1,383.25","1,353.00","1,383.75","1,343.75",38.79K,1.97%
11/17/2023,"1,356.50","1,375.00","1,376.00","1,353.25",55.68K,-1.35%
11/16/2023,"1,375.00","1,399.00","1,402.00","1,368.00",55.74K,-1.75%
11/15/2023,"1,399.50","1,401.25","1,410.75","1,393.00",49.91K,0.70%
11/14/2023,"1,389.75","1,382.75","1,391.50","1,368.50",121.76K,0.52%
11/13/2023,"1,382.50","1,353.75","1,386.00","1,350.25",133.14K,2.60%
11/10/2023,"1,347.50","1,345.75","1,349.75","1,337.00",81.93K,0.30%
11/09/2023,"1,343.50","1,366.50","1,373.00","1,336.00",175.30K,-1.63%
11/08/2023,"1,365.75","1,362.00","1,384.50","1,361.00",167.21K,0.28%
11/07/2023,"1,362.00","1,362.25","1,380.00","1,356.75",192.41K,-0.15%
11/06/2023,"1,364.00","1,352.00","1,369.75","1,352.00",144.88K,0.91%
11/03/2023,"1,351.75","1,327.00","1,355.00","1,326.25",139.96K,1.77%
11/02/2023,"1,328.25","1,315.25","1,330.00","1,315.00",92.23K,1.01%
11/01/2023,"1,315.00","1,311.00","1,319.25","1,304.75",79.09K,0.34%
10/31/2023,"1,310.50","1,307.25","1,321.50","1,300.00",106.18K,0.25%
10/30/2023,"1,307.25","1,319.50","1,331.25","1,305.50",161.86K,-0.93%
10/27/2023,"1,319.50","1,300.00","1,325.25","1,298.50",160.76K,1.48%
10/26/2023,"1,300.25","1,307.50","1,318.50","1,298.00",124.37K,-0.63%
10/25/2023,"1,308.50","1,312.75","1,320.75","1,297.50",110.77K,-0.46%
10/24/2023,"1,314.50","1,305.50","1,317.00","1,299.25",96.78K,0.69%
10/23/2023,"1,305.50","1,320.00","1,321.75","1,305.00",76.93K,-1.12%
10/20/2023,"1,320.25","1,331.00","1,334.00","1,319.00",92.86K,-0.86%
10/19/2023,"1,331.75","1,328.75","1,333.75","1,317.50",124.08K,0.19%
10/18/2023,"1,329.25","1,316.25","1,331.00","1,312.25",102.84K,0.99%
10/17/2023,"1,316.25","1,305.25","1,322.25","1,305.00",71.17K,0.80%
10/16/2023,"1,305.75","1,300.00","1,308.75","1,298.75",58.60K,0.44%
10/13/2023,"1,300.00","1,306.25","1,318.00","1,293.25",64.03K,-0.67%
10/12/2023,"1,308.75","1,272.25","1,318.75","1,270.25",126.09K,2.87%
10/11/2023,"1,272.25","1,289.50","1,292.00","1,270.25",110.24K,-1.32%
10/10/2023,"1,289.25","1,281.00","1,290.75","1,272.50",87.16K,0.53%
10/09/2023,"1,282.50","1,285.75","1,296.25","1,277.25",70.15K,-0.16%
10/06/2023,"1,284.50","1,297.00","1,305.00","1,282.00",83.36K,-1.08%
10/05/2023,"1,298.50","1,291.00","1,301.00","1,281.00",66.27K,0.48%
10/04/2023,"1,292.25","1,291.25","1,303.25","1,287.75",49.10K,0.02%
10/03/2023,"1,292.00","1,296.00","1,298.00","1,277.50",86.99K,-0.37%
10/02/2023,"1,296.75","1,292.00","1,298.75","1,285.00",57.39K,0.17%
09/29/2023,"1,294.50","1,319.00","1,323.50","1,292.50",80.58K,-1.88%
09/28/2023,"1,319.25","1,322.50","1,326.50","1,307.25",65.59K,-0.28%
09/27/2023,"1,323.00","1,320.25","1,336.25","1,316.25",70.82K,0.15%
09/26/2023,"1,321.00","1,317.00","1,325.25","1,307.75",60.76K,0.42%
09/25/2023,"1,315.50","1,312.25","1,318.00","1,302.25",34.16K,0.15%
09/22/2023,"1,313.50","1,310.75","1,320.00","1,309.50",38.56K,0.21%
09/21/2023,"1,310.75","1,336.50","1,338.00","1,310.00",41.89K,-1.91%
09/20/2023,"1,336.25","1,331.25","1,338.75","1,326.50",38.76K,0.34%
09/19/2023,"1,331.75","1,332.00","1,335.25","1,324.50",47.97K,-0.08%
09/18/2023,"1,332.75","1,355.00","1,360.00","1,331.50",51.19K,-1.70%
09/15/2023,"1,355.75","1,375.75","1,383.00","1,353.75",44.78K,-0.35%
09/14/2023,"1,360.50","1,349.75","1,364.50","1,346.25",138.78K,0.80%
09/13/2023,"1,349.75","1,344.75","1,351.25","1,333.75",124.65K,0.24%
09/12/2023,"1,346.50","1,369.00","1,372.25","1,340.75",189.11K,-1.64%
09/11/2023,"1,369.00","1,363.00","1,373.25","1,362.25",98.68K,0.44%
09/08/2023,"1,363.00","1,360.00","1,365.00","1,352.50",103.98K,0.26%
09/07/2023,"1,359.50","1,376.25","1,378.00","1,357.00",99.11K,-1.22%
09/06/2023,"1,376.25","1,377.00","1,384.75","1,370.00",114.63K,0.82%
09/05/2023,"1,365.00","1,369.00","1,376.50","1,358.00",103.57K,-0.31%
09/01/2023,"1,369.25","1,369.00","1,385.00","1,366.00",109.73K,0.04%
08/31/2023,"1,368.75","1,386.75","1,392.00","1,367.25",98.06K,-1.30%
08/30/2023,"1,386.75","1,390.75","1,401.00","1,380.50",112.19K,-0.41%
08/29/2023,"1,392.50","1,393.00","1,405.00","1,392.00",109.30K,-0.94%
08/28/2023,"1,405.75","1,398.25","1,409.50","1,394.75",122.34K,1.30%
08/25/2023,"1,387.75","1,370.00","1,390.50","1,368.00",116.67K,1.17%
08/24/2023,"1,371.75","1,360.00","1,373.00","1,356.50",104.39K,0.83%
08/23/2023,"1,360.50","1,346.00","1,364.25","1,332.50",113.87K,1.08%
08/22/2023,"1,346.00","1,361.75","1,373.50","1,339.00",108.53K,-1.16%
08/21/2023,"1,361.75","1,362.25","1,381.00","1,355.50",131.13K,0.63%
08/18/2023,"1,353.25","1,331.25","1,355.50","1,331.25",124.31K,1.75%
08/17/2023,"1,330.00","1,324.25","1,341.00","1,320.50",113.51K,0.49%
08/16/2023,"1,323.50","1,305.25","1,331.50","1,303.00",125.30K,1.40%
08/15/2023,"1,305.25","1,317.50","1,334.50","1,303.00",120.64K,-3.53%
08/14/2023,"1,353.00","1,343.50","1,357.25","1,337.75",7.91K,1.18%
08/11/2023,"1,337.25","1,349.75","1,366.75","1,325.75",13.33K,-1.09%
08/10/2023,"1,352.00","1,354.50","1,370.00","1,347.75",13.85K,-0.24%
08/09/2023,"1,355.25","1,354.00","1,368.50","1,352.75",10.42K,0.13%
08/08/2023,"1,353.50","1,347.00","1,356.25","1,328.50",11.57K,0.39%
08/07/2023,"1,348.25","1,378.00","1,380.75","1,337.00",16.83K,-2.79%
08/04/2023,"1,387.00","1,381.00","1,397.25","1,376.25",11.91K,0.36%
08/03/2023,"1,382.00","1,376.00","1,397.50","1,375.75",20.95K,0.40%
08/02/2023,"1,376.50","1,386.75","1,401.25","1,362.25",16.64K,-0.74%
08/01/2023,"1,386.75","1,372.50","1,388.50","1,367.25",19.51K,1.19%
07/31/2023,"1,370.50","1,425.50","1,427.75","1,362.00",29.41K,-4.36%
07/28/2023,"1,433.00","1,453.75","1,453.75","1,425.00",27.97K,-1.41%
07/27/2023,"1,453.50","1,469.75","1,490.00","1,450.75",37.00K,-1.02%
07/26/2023,"1,468.50","1,448.00","1,472.50","1,440.00",28.24K,1.24%
07/25/2023,"1,450.50","1,453.00","1,458.50","1,435.00",26.67K,-0.19%
07/24/2023,"1,453.25","1,435.25","1,467.50","1,434.25",23.80K,1.70%
07/21/2023,"1,429.00","1,423.50","1,432.75","1,412.50",16.20K,0.19%
07/20/2023,"1,426.25","1,428.00","1,442.00","1,419.50",19.04K,-0.40%
07/19/2023,"1,432.00","1,418.50","1,451.25","1,412.25",22.97K,0.93%
07/18/2023,"1,418.75","1,399.50","1,428.25","1,397.25",13.76K,0.82%
07/17/2023,"1,407.25","1,412.50","1,417.50","1,398.75",10.91K,-4.93%
07/14/2023,"1,480.25","1,483.50","1,498.75","1,470.00",27.71K,-0.30%
07/13/2023,"1,484.75","1,444.00","1,485.50","1,441.00",22.98K,2.80%
07/12/2023,"1,444.25","1,470.75","1,489.75","1,439.50",29.30K,-1.85%
07/11/2023,"1,471.50","1,453.00","1,482.00","1,453.00",22.92K,1.10%
07/10/2023,"1,455.50","1,436.00","1,465.00","1,427.00",23.02K,1.94%
07/07/2023,"1,427.75","1,448.00","1,451.75","1,425.00",23.41K,-1.42%
07/06/2023,"1,448.25","1,465.25","1,479.00","1,442.25",27.98K,-1.40%
07/05/2023,"1,468.75","1,473.50","1,493.75","1,454.50",32.79K,0.07%
07/03/2023,"1,467.75","1,442.00","1,504.75","1,441.50",48.98K,1.79%
06/30/2023,"1,442.00","1,367.25","1,453.25","1,365.25",50.79K,5.43%
06/29/2023,"1,367.75","1,359.00","1,369.75","1,356.00",41.26K,0.50%
06/28/2023,"1,361.00","1,390.50","1,401.25","1,351.25",45.69K,-2.47%
06/27/2023,"1,395.50","1,425.00","1,428.25","1,391.75",41.89K,-2.04%
06/26/2023,"1,424.50","1,400.00","1,430.75","1,389.00",38.03K,1.46%
06/23/2023,"1,404.00","1,416.50","1,418.25","1,383.00",37.44K,-1.00%
06/22/2023,"1,418.25","1,435.00","1,444.75","1,392.75",36.64K,-1.85%
06/21/2023,"1,445.00","1,421.00","1,447.00","1,411.25",39.55K,2.61%
06/20/2023,"1,408.25","1,413.25","1,422.25","1,395.25",40.93K,-3.93%
06/18/2023,"1,465.88","1,465.88","1,465.88","1,465.88",,4.15%
06/16/2023,"1,407.50","1,365.75","1,413.25","1,365.00",46.27K,2.85%
06/15/2023,"1,368.50","1,318.50","1,370.75","1,318.50",56.13K,3.79%
06/14/2023,"1,318.50","1,321.00","1,329.25","1,308.50",36.86K,-0.25%
06/13/2023,"1,321.75","1,291.75","1,334.75","1,289.75",42.21K,2.26%
06/12/2023,"1,292.50","1,298.75","1,304.50","1,287.75",25.52K,-0.27%
06/09/2023,"1,296.00","1,274.00","1,300.25","1,272.00",28.87K,1.31%
06/08/2023,"1,279.25","1,265.25","1,281.25","1,258.50",42.30K,0.95%
06/07/2023,"1,267.25","1,265.75","1,276.00","1,260.00",34.11K,0.12%
06/06/2023,"1,265.75","1,263.75","1,273.75","1,254.50",26.38K,0.38%
06/05/2023,"1,261.00","1,263.00","1,272.50","1,255.00",16.67K,-0.12%
06/02/2023,"1,262.50","1,242.00","1,265.00","1,236.75",24.22K,1.49%
06/01/2023,"1,244.00","1,216.50","1,251.25","1,216.00",27.93K,2.16%
05/31/2023,"1,217.75","1,218.50","1,220.00","1,193.25",28.48K,-0.14%
05/30/2023,"1,219.50","1,261.00","1,261.25","1,216.50",24.55K,-8.71%
05/28/2023,"1,335.88","1,335.88","1,335.88","1,335.88",,5.94%
05/26/2023,"1,261.00","1,250.00","1,267.75","1,246.50",24.33K,0.90%
05/25/2023,"1,249.75","1,257.50","1,264.25","1,235.75",29.17K,-0.71%
05/24/2023,"1,258.75","1,257.25","1,271.50","1,250.75",12.49K,0.00%
05/23/2023,"1,258.75","1,273.00","1,274.25","1,253.25",17.69K,-1.31%
05/22/2023,"1,275.50","1,247.00","1,278.00","1,245.25",18.83K,2.20%
05/19/2023,"1,248.00","1,268.75","1,283.50","1,245.25",17.84K,-1.69%
05/18/2023,"1,269.50","1,274.00","1,282.25","1,259.50",17.36K,-0.41%
05/17/2023,"1,274.75","1,298.50","1,300.25","1,271.25",20.21K,-1.81%
05/16/2023,"1,298.25","1,326.50","1,328.75","1,291.00",13.87K,-2.26%
05/15/2023,"1,328.25","1,315.50","1,335.25","1,313.00",8.61K,-4.44%
05/12/2023,"1,390.00","1,405.25","1,416.75","1,388.50",124.96K,-1.10%
05/11/2023,"1,405.50","1,403.00","1,413.50","1,385.25",117.77K,0.11%
05/10/2023,"1,404.00","1,414.50","1,418.25","1,402.50",91.08K,-0.72%
05/09/2023,"1,414.25","1,432.25","1,432.50","1,410.50",102.28K,-1.36%
05/08/2023,"1,433.75","1,436.50","1,446.75","1,430.00",88.25K,-0.19%
05/05/2023,"1,436.50","1,417.00","1,438.75","1,416.00",98.68K,1.32%
05/04/2023,"1,417.75","1,415.25","1,423.50","1,405.00",98.59K,0.02%
05/03/2023,"1,417.50","1,411.00","1,418.75","1,392.25",129.02K,0.48%
05/02/2023,"1,410.75","1,427.00","1,440.00","1,408.00",110.52K,-1.17%
05/01/2023,"1,427.50","1,419.25","1,429.25","1,413.00",77.07K,0.58%
04/28/2023,"1,419.25","1,406.50","1,423.50","1,396.50",140.64K,1.10%
04/27/2023,"1,403.75","1,414.75","1,417.25","1,401.75",134.94K,-0.78%
04/26/2023,"1,414.75","1,417.75","1,428.25","1,412.00",151.49K,-0.19%
04/25/2023,"1,417.50","1,434.50","1,439.75","1,411.25",181.76K,-1.29%
04/24/2023,"1,436.00","1,450.25","1,462.25","1,434.00",149.43K,-0.90%
04/21/2023,"1,449.00","1,467.75","1,469.50","1,444.25",159.62K,-1.33%
04/20/2023,"1,468.50","1,476.50","1,477.00","1,460.75",124.85K,-0.69%
04/19/2023,"1,478.75","1,488.75","1,493.25","1,477.50",114.33K,-0.82%
04/18/2023,"1,491.00","1,485.00","1,501.00","1,481.50",117.21K,0.37%
04/17/2023,"1,485.50","1,468.00","1,487.25","1,463.75",97.59K,1.24%
04/14/2023,"1,467.25","1,474.00","1,476.75","1,459.50",100.21K,-0.41%
04/13/2023,"1,473.25","1,471.75","1,489.25","1,470.00",107.96K,0.07%
04/12/2023,"1,472.25","1,471.25","1,477.50","1,465.00",110.36K,0.07%
04/11/2023,"1,471.25","1,461.75","1,480.00","1,460.25",119.87K,0.65%
04/10/2023,"1,461.75","1,461.00","1,468.75","1,456.25",83.27K,-0.05%
04/07/2023,"1,462.50","1,492.50","1,492.50","1,492.50",,0.00%
04/06/2023,"1,462.50","1,478.50","1,479.75","1,455.75",83.35K,-1.03%
04/05/2023,"1,477.75","1,483.25","1,491.00","1,471.00",97.87K,-0.34%
04/04/2023,"1,482.75","1,492.00","1,495.00","1,476.00",74.14K,-0.82%
04/03/2023,"1,495.00","1,480.00","1,500.50","1,479.75",89.93K,1.32%
03/31/2023,"1,475.50","1,445.75","1,483.00","1,440.25",107.91K,1.97%
03/30/2023,"1,447.00","1,450.00","1,454.00","1,445.00",69.64K,-0.26%
03/29/2023,"1,450.75","1,443.00","1,453.75","1,437.00",63.76K,0.43%
03/28/2023,"1,444.50","1,420.00","1,446.75","1,418.25",68.71K,1.67%
03/27/2023,"1,420.75","1,406.00","1,423.50","1,401.25",53.10K,1.03%
03/24/2023,"1,406.25","1,398.50","1,411.00","1,383.75",87.39K,0.55%
03/23/2023,"1,398.50","1,426.00","1,431.00","1,393.75",98.42K,-1.86%
03/22/2023,"1,425.00","1,448.50","1,452.50","1,422.50",84.37K,-1.62%
03/21/2023,"1,448.50","1,464.75","1,476.25","1,446.75",57.55K,-1.24%
03/20/2023,"1,466.75","1,458.00","1,468.25","1,442.75",69.55K,0.38%
03/17/2023,"1,461.25","1,476.75","1,482.50","1,455.75",65.61K,-1.00%
03/16/2023,"1,476.00","1,474.00","1,483.75","1,462.50",54.18K,0.10%
03/15/2023,"1,474.50","1,480.75","1,487.50","1,467.00",59.87K,-1.29%
03/14/2023,"1,493.75","1,490.00","1,496.75","1,484.00",108.20K,0.17%
03/13/2023,"1,491.25","1,514.75","1,516.50","1,491.00",124.76K,-1.05%
03/10/2023,"1,507.00","1,512.25","1,515.50","1,498.00",110.00K,-0.25%
03/09/2023,"1,510.75","1,517.50","1,528.75","1,505.50",119.98K,-0.46%
03/08/2023,"1,517.75","1,515.00","1,533.75","1,511.00",105.39K,0.15%
03/07/2023,"1,515.50","1,528.00","1,531.00","1,513.25",99.28K,-0.88%
03/06/2023,"1,529.00","1,520.00","1,538.50","1,510.75",116.70K,0.67%
03/03/2023,"1,518.75","1,509.25","1,525.00","1,507.25",91.13K,0.63%
03/02/2023,"1,509.25","1,494.50","1,514.75","1,489.50",109.07K,1.00%
03/01/2023,"1,494.25","1,481.50","1,498.25","1,480.25",131.49K,1.03%
02/28/2023,"1,479.00","1,512.50","1,513.25","1,477.75",162.74K,-2.23%
02/27/2023,"1,512.75","1,519.75","1,524.75","1,508.25",127.31K,-0.43%
02/24/2023,"1,519.25","1,528.00","1,536.25","1,517.00",142.78K,-0.52%
02/23/2023,"1,527.25","1,535.00","1,540.00","1,526.25",108.90K,-0.49%
02/22/2023,"1,534.75","1,542.00","1,549.75","1,533.00",95.30K,-0.60%
02/21/2023,"1,544.00","1,531.25","1,544.50","1,530.00",119.11K,1.25%
02/19/2023,"1,525.00","1,526.00","1,526.00","1,525.00",,0.18%
02/17/2023,"1,522.25","1,521.00","1,527.00","1,518.75",78.43K,0.07%
02/16/2023,"1,521.25","1,518.50","1,526.00","1,513.75",92.69K,0.12%
02/15/2023,"1,519.50","1,528.75","1,529.25","1,510.25",94.63K,-0.69%
02/14/2023,"1,530.00","1,535.25","1,536.50","1,525.50",91.28K,-0.39%
02/13/2023,"1,536.00","1,532.75","1,546.25","1,529.25",118.03K,0.16%
02/10/2023,"1,533.50","1,509.00","1,534.00","1,507.50",116.60K,1.44%
02/09/2023,"1,511.75","1,511.75","1,526.00","1,505.25",126.93K,-0.13%
02/08/2023,"1,513.75","1,510.50","1,522.00","1,500.25",114.05K,0.23%
02/07/2023,"1,510.25","1,513.75","1,522.00","1,505.00",110.63K,-0.28%
02/06/2023,"1,514.50","1,527.00","1,529.00","1,510.50",82.28K,-0.72%
02/03/2023,"1,525.50","1,526.00","1,532.00","1,518.25",48.83K,-0.15%
02/02/2023,"1,527.75","1,518.50","1,532.25","1,517.75",53.63K,0.74%
02/01/2023,"1,516.50","1,530.00","1,534.75","1,507.00",69.09K,-0.90%
01/31/2023,"1,530.25","1,527.50","1,535.00","1,517.50",70.32K,0.05%
01/30/2023,"1,529.50","1,510.50","1,532.00","1,510.50",50.75K,1.66%
01/27/2023,"1,504.50","1,513.00","1,519.00","1,502.00",48.77K,-0.68%
01/26/2023,"1,514.75","1,498.75","1,517.25","1,493.75",52.04K,1.22%
01/25/2023,"1,496.50","1,486.00","1,498.00","1,476.00",44.67K,0.67%
01/24/2023,"1,486.50","1,488.50","1,502.25","1,484.25",52.30K,-0.05%
01/23/2023,"1,487.25","1,495.75","1,497.75","1,476.50",47.78K,-0.97%
01/20/2023,"1,501.75","1,510.50","1,516.25","1,499.50",44.28K,-0.65%
01/19/2023,"1,511.50","1,520.00","1,522.50","1,505.00",61.66K,-0.66%
01/18/2023,"1,521.50","1,534.75","1,544.75","1,509.25",57.66K,-1.04%
01/17/2023,"1,537.50","1,518.75","1,538.25","1,513.50",47.12K,0.64%
01/13/2023,"1,527.75","1,518.00","1,533.00","1,513.25",104.97K,0.61%
01/12/2023,"1,518.50","1,494.00","1,527.00","1,493.25",139.89K,1.71%
01/11/2023,"1,493.00","1,485.00","1,500.00","1,482.00",70.34K,0.54%
01/10/2023,"1,485.00","1,487.75","1,500.75","1,474.00",96.68K,-0.24%
01/09/2023,"1,488.50","1,500.00","1,501.75","1,486.75",84.20K,-0.27%
01/06/2023,"1,492.50","1,474.25","1,498.25","1,471.50",99.61K,1.48%
01/05/2023,"1,470.75","1,485.75","1,490.00","1,465.00",100.64K,-0.86%
01/04/2023,"1,483.50","1,496.50","1,506.50","1,480.75",90.61K,-0.59%
01/03/2023,"1,492.25","1,524.25","1,529.00","1,490.00",116.15K,-2.08%
12/30/2022,"1,524.00","1,515.50","1,537.50","1,514.25",81.44K,0.51%
12/29/2022,"1,516.25","1,513.00","1,524.25","1,509.00",93.14K,0.13%
12/28/2022,"1,514.25","1,490.25","1,517.50","1,489.50",100.57K,1.70%
12/27/2022,"1,489.00","1,495.75","1,522.75","1,485.00",127.61K,0.30%
12/23/2022,"1,484.50","1,473.25","1,489.00","1,470.50",75.41K,0.85%
12/22/2022,"1,472.00","1,483.75","1,487.75","1,468.00",77.20K,-0.84%
12/21/2022,"1,484.50","1,479.00","1,490.75","1,477.00",75.59K,0.32%
12/20/2022,"1,479.75","1,464.00","1,487.50","1,462.25",79.82K,1.11%
12/19/2022,"1,463.50","1,471.00","1,478.75","1,462.75",75.52K,-1.36%
12/16/2022,"1,483.75","1,476.75","1,489.25","1,469.25",53.19K,0.47%
12/15/2022,"1,476.75","1,483.75","1,489.00","1,471.50",66.70K,-0.56%
12/14/2022,"1,485.00","1,484.00","1,490.50","1,472.50",81.52K,0.03%
12/13/2022,"1,484.50","1,466.00","1,492.00","1,465.25",93.22K,1.30%
12/12/2022,"1,465.50","1,488.00","1,488.00","1,462.50",86.00K,-1.53%
12/09/2022,"1,488.25","1,488.25","1,497.25","1,482.25",69.69K,-0.13%
12/08/2022,"1,490.25","1,476.25","1,496.25","1,473.00",102.96K,0.88%
12/07/2022,"1,477.25","1,462.00","1,482.75","1,461.75",110.20K,1.08%
12/06/2022,"1,461.50","1,444.50","1,477.75","1,444.50",76.52K,1.14%
12/05/2022,"1,445.00","1,447.00","1,458.00","1,443.00",55.12K,-0.10%
12/02/2022,"1,446.50","1,438.50","1,450.50","1,432.25",45.19K,0.68%
12/01/2022,"1,436.75","1,472.00","1,475.75","1,431.75",67.60K,-2.63%
11/30/2022,"1,475.50","1,464.00","1,484.00","1,463.75",42.60K,0.65%
11/29/2022,"1,466.00","1,462.25","1,474.00","1,454.50",52.34K,0.22%
11/28/2022,"1,462.75","1,433.50","1,465.75","1,430.00",42.01K,1.42%
11/25/2022,"1,442.25","1,442.00","1,453.75","1,436.75",17.95K,0.02%
11/23/2022,"1,442.00","1,438.00","1,446.50","1,429.00",35.74K,0.38%
11/22/2022,"1,436.50","1,441.00","1,448.25","1,434.50",36.71K,-0.36%
11/21/2022,"1,441.75","1,432.50","1,442.50","1,422.00",25.56K,0.59%
11/18/2022,"1,433.25","1,423.50","1,435.50","1,417.50",26.95K,0.77%
11/17/2022,"1,422.25","1,435.25","1,437.25","1,412.75",37.63K,-0.87%
11/16/2022,"1,434.75","1,458.25","1,459.50","1,429.00",36.61K,-1.85%
11/15/2022,"1,461.75","1,444.50","1,468.50","1,436.75",43.54K,1.48%
11/14/2022,"1,440.50","1,449.25","1,455.25","1,434.25",78.86K,-0.66%
11/11/2022,"1,450.00","1,424.50","1,458.75","1,424.25",113.22K,1.90%
11/10/2022,"1,423.00","1,452.00","1,459.25","1,420.50",128.76K,-2.00%
11/09/2022,"1,452.00","1,445.00","1,457.75","1,433.50",99.75K,0.38%
11/08/2022,"1,446.50","1,450.25","1,454.00","1,440.50",78.57K,-0.26%
11/07/2022,"1,450.25","1,455.00","1,469.00","1,447.00",76.58K,-0.82%
11/04/2022,"1,462.25","1,436.25","1,465.50","1,431.50",88.74K,1.76%
11/03/2022,"1,437.00","1,453.00","1,453.50","1,428.00",86.41K,-1.17%
11/02/2022,"1,454.00","1,446.00","1,457.75","1,431.00",99.93K,0.43%
11/01/2022,"1,447.75","1,417.00","1,449.00","1,414.25",127.56K,1.99%
10/31/2022,"1,419.50","1,415.00","1,424.00","1,397.75",111.15K,1.37%
10/28/2022,"1,400.25","1,393.00","1,402.00","1,380.50",142.05K,0.48%
10/27/2022,"1,393.50","1,392.75","1,405.00","1,389.00",121.76K,0.04%
10/26/2022,"1,393.00","1,391.75","1,409.00","1,388.75",123.28K,0.05%
10/25/2022,"1,392.25","1,381.25","1,396.50","1,375.50",95.74K,0.80%
10/24/2022,"1,381.25","1,402.75","1,402.75","1,377.75",97.49K,-1.66%
10/21/2022,"1,404.50","1,398.75","1,407.25","1,383.75",68.70K,0.32%
10/20/2022,"1,400.00","1,381.75","1,405.00","1,380.00",71.51K,1.25%
10/19/2022,"1,382.75","1,381.50","1,388.50","1,366.75",66.08K,0.05%
10/18/2022,"1,382.00","1,390.00","1,397.00","1,372.75",90.38K,-0.77%
10/17/2022,"1,392.75","1,390.50","1,402.50","1,384.50",67.90K,0.00%
10/14/2022,"1,392.75","1,403.75","1,419.75","1,391.75",69.35K,-0.91%
10/13/2022,"1,405.50","1,402.75","1,414.25","1,388.00",90.50K,0.04%
10/12/2022,"1,405.00","1,385.00","1,423.25","1,379.50",125.38K,1.22%
10/11/2022,"1,388.00","1,385.75","1,396.75","1,377.00",63.26K,0.16%
10/10/2022,"1,385.75","1,379.00","1,409.00","1,378.25",85.17K,0.47%
10/07/2022,"1,379.25","1,370.50","1,385.25","1,364.25",78.85K,0.64%
10/06/2022,"1,370.50","1,379.75","1,388.00","1,362.25",55.25K,-0.72%
10/05/2022,"1,380.50","1,392.25","1,395.25","1,373.00",42.87K,-0.93%
10/04/2022,"1,393.50","1,383.25","1,404.25","1,381.25",51.69K,0.69%
10/03/2022,"1,384.00","1,373.75","1,386.50","1,372.25",49.09K,0.62%
09/30/2022,"1,375.50","1,420.25","1,435.00","1,374.25",70.26K,-3.17%
09/29/2022,"1,420.50","1,416.00","1,432.25","1,414.00",84.90K,0.30%
09/28/2022,"1,416.25","1,415.00","1,418.50","1,397.75",62.78K,0.16%
09/27/2022,"1,414.00","1,416.00","1,440.75","1,413.00",52.05K,-0.16%
09/26/2022,"1,416.25","1,430.25","1,439.25","1,413.25",49.55K,-1.08%
09/23/2022,"1,431.75","1,460.25","1,462.25","1,427.25",35.90K,-2.15%
09/22/2022,"1,463.25","1,462.00","1,481.00","1,454.25",40.72K,-0.26%
09/21/2022,"1,467.00","1,482.00","1,493.50","1,465.25",38.51K,-1.18%
09/20/2022,"1,484.50","1,467.75","1,491.00","1,457.50",38.61K,1.16%
09/19/2022,"1,467.50","1,452.25","1,472.00","1,444.75",28.37K,0.84%
09/16/2022,"1,455.25","1,456.50","1,461.75","1,441.00",23.17K,-0.19%
09/15/2022,"1,458.00","1,462.00","1,474.25","1,450.25",32.27K,0.21%
09/14/2022,"1,455.00","1,475.00","1,489.50","1,453.50",110.62K,-1.61%
09/13/2022,"1,478.75","1,486.50","1,508.75","1,475.75",141.61K,-0.64%
09/12/2022,"1,488.25","1,409.00","1,490.25","1,402.25",161.99K,5.38%
09/09/2022,"1,412.25","1,388.25","1,415.75","1,387.25",77.09K,1.89%
09/08/2022,"1,386.00","1,384.00","1,397.25","1,373.00",87.70K,0.18%
09/07/2022,"1,383.50","1,398.50","1,432.25","1,380.75",123.18K,-1.09%
09/06/2022,"1,398.75","1,415.00","1,423.00","1,392.25",97.91K,-1.31%
09/05/2022,"1,417.25","1,426.25","1,426.25","1,417.25",,-0.23%
09/02/2022,"1,420.50","1,395.00","1,422.00","1,391.75",66.35K,1.85%
09/01/2022,"1,394.75","1,420.00","1,433.00","1,390.00",89.55K,-1.95%
08/31/2022,"1,422.50","1,432.00","1,442.50","1,416.00",77.31K,-0.70%
08/30/2022,"1,432.50","1,437.75","1,440.00","1,408.25",81.73K,-0.37%
08/29/2022,"1,437.75","1,458.00","1,460.75","1,432.00",94.43K,-1.61%
08/26/2022,"1,461.25","1,430.00","1,464.75","1,426.50",95.20K,2.10%
08/25/2022,"1,431.25","1,456.75","1,467.00","1,428.50",110.36K,-1.77%
08/24/2022,"1,457.00","1,461.50","1,484.50","1,447.50",121.78K,-0.27%
08/23/2022,"1,461.00","1,435.50","1,474.75","1,431.25",135.17K,1.79%
08/22/2022,"1,435.25","1,398.00","1,438.50","1,393.00",103.05K,2.23%
08/19/2022,"1,404.00","1,405.75","1,410.00","1,386.25",64.96K,-0.09%
08/18/2022,"1,405.25","1,390.00","1,413.00","1,376.50",81.70K,1.10%
08/17/2022,"1,390.00","1,382.50","1,400.00","1,379.00",71.05K,0.65%
08/16/2022,"1,381.00","1,409.00","1,413.75","1,376.00",93.29K,-2.21%
08/15/2022,"1,412.25","1,441.75","1,443.75","1,386.00",114.28K,-8.00%
08/12/2022,"1,535.00","1,518.50","1,537.50","1,483.00",17.22K,0.97%
08/11/2022,"1,520.25","1,504.50","1,537.00","1,489.25",14.76K,0.75%
08/10/2022,"1,509.00","1,515.25","1,557.25","1,500.50",24.07K,-0.21%
08/09/2022,"1,512.25","1,477.25","1,520.25","1,477.25",24.36K,3.30%
08/08/2022,"1,464.00","1,460.25","1,478.75","1,453.75",12.34K,0.05%
08/05/2022,"1,463.25","1,460.25","1,477.75","1,443.50",19.47K,0.14%
08/04/2022,"1,461.25","1,405.00","1,466.50","1,396.00",24.35K,4.10%
08/03/2022,"1,403.75","1,405.00","1,431.00","1,390.00",15.04K,-0.85%
08/02/2022,"1,415.75","1,424.00","1,438.00","1,403.75",23.01K,-1.13%
08/01/2022,"1,432.00","1,500.00","1,504.00","1,421.00",23.92K,-3.71%
07/29/2022,"1,487.25","1,457.00","1,516.00","1,452.75",31.11K,2.08%
07/28/2022,"1,457.00","1,429.75","1,462.75","1,427.50",26.01K,2.28%
07/27/2022,"1,424.50","1,399.00","1,431.25","1,386.50",30.68K,1.77%
07/26/2022,"1,399.75","1,366.50","1,404.00","1,366.50",23.10K,3.23%
07/25/2022,"1,356.00","1,344.75","1,360.00","1,324.75",18.23K,2.15%
07/22/2022,"1,327.50","1,317.75","1,344.75","1,304.50",13.05K,0.80%
07/21/2022,"1,317.00","1,350.75","1,359.00","1,310.50",11.41K,-2.48%
07/20/2022,"1,350.50","1,371.50","1,373.00","1,346.25",9.14K,-1.82%
07/19/2022,"1,375.50","1,397.25","1,399.50","1,356.50",8.55K,-1.52%
07/18/2022,"1,396.75","1,372.50","1,410.00","1,359.25",8.83K,2.74%
07/15/2022,"1,359.50","1,367.25","1,377.00","1,349.50",6.94K,-7.63%
07/14/2022,"1,471.75","1,486.00","1,503.00","1,457.50",23.09K,-0.88%
07/13/2022,"1,484.75","1,467.50","1,497.25","1,444.75",20.23K,1.12%
07/12/2022,"1,468.25","1,522.00","1,533.50","1,459.25",26.78K,-3.53%
07/11/2022,"1,522.00","1,535.00","1,552.75","1,516.25",22.53K,0.58%
07/08/2022,"1,513.25","1,489.00","1,516.50","1,473.75",24.74K,1.89%
07/07/2022,"1,485.25","1,450.00","1,496.75","1,448.75",31.88K,2.68%
07/06/2022,"1,446.50","1,447.00","1,461.50","1,424.25",25.14K,0.50%
07/05/2022,"1,439.25","1,494.00","1,495.00","1,431.75",33.91K,-4.67%
07/01/2022,"1,509.75","1,563.75","1,573.25","1,505.25",31.17K,-3.25%
06/30/2022,"1,560.50","1,571.50","1,601.25","1,552.75",35.53K,-0.70%
06/29/2022,"1,571.50","1,554.00","1,573.75","1,546.75",42.36K,0.96%
06/28/2022,"1,556.50","1,534.75","1,564.25","1,531.75",49.48K,1.77%
06/27/2022,"1,529.50","1,510.75","1,536.25","1,504.00",35.65K,0.58%
06/24/2022,"1,520.75","1,501.75","1,529.50","1,494.75",27.16K,0.90%
06/23/2022,"1,507.25","1,565.00","1,566.00","1,500.00",41.29K,-3.63%
06/22/2022,"1,564.00","1,601.50","1,602.00","1,560.00",28.46K,-2.16%
06/21/2022,"1,598.50","1,616.75","1,619.00","1,592.00",22.24K,-5.77%
06/20/2022,"1,696.38","1,696.88","1,696.88","1,696.38",,-0.03%
06/19/2022,"1,696.88","1,696.88","1,696.88","1,696.88",,4.60%
06/17/2022,"1,622.25","1,633.25","1,645.00","1,621.00",19.69K,-0.52%
06/16/2022,"1,630.75","1,617.25","1,635.00","1,609.25",13.24K,1.05%
06/15/2022,"1,613.75","1,616.50","1,626.50","1,607.25",18.77K,-0.17%
06/14/2022,"1,616.50","1,627.75","1,643.00","1,615.50",23.47K,-0.69%
06/13/2022,"1,627.75","1,665.00","1,668.50","1,621.00",16.64K,-2.06%
06/10/2022,"1,662.00","1,680.75","1,685.25","1,658.00",24.29K,-1.06%
06/09/2022,"1,679.75","1,662.00","1,689.50","1,649.50",31.46K,1.02%
06/08/2022,"1,662.75","1,650.25","1,678.25","1,650.25",24.10K,0.54%
06/07/2022,"1,653.75","1,635.25","1,661.25","1,630.00",20.32K,1.10%
06/06/2022,"1,635.75","1,641.75","1,650.25","1,627.75",8.93K,0.12%
06/03/2022,"1,633.75","1,658.00","1,659.00","1,631.25",13.46K,-1.51%
06/02/2022,"1,658.75","1,625.00","1,669.50","1,617.00",12.11K,2.08%
06/01/2022,"1,625.00","1,623.00","1,642.50","1,612.50",10.88K,0.29%
05/31/2022,"1,620.25","1,665.50","1,679.50","1,613.25",12.95K,-6.75%
05/30/2022,"1,737.50","1,737.50","1,737.50","1,737.50",,4.48%
05/27/2022,"1,663.00","1,658.50","1,672.25","1,652.25",9.49K,0.21%
05/26/2022,"1,659.50","1,615.00","1,667.75","1,608.00",16.34K,2.41%
05/25/2022,"1,620.50","1,632.25","1,636.75","1,606.25",7.98K,-0.72%
05/24/2022,"1,632.25","1,628.75","1,635.50","1,617.75",10.33K,0.21%
05/23/2022,"1,628.75","1,641.00","1,654.00","1,625.25",10.28K,-0.79%
05/20/2022,"1,641.75","1,634.00","1,645.50","1,622.75",10.89K,0.69%
05/19/2022,"1,630.50","1,606.50","1,635.00","1,602.00",9.48K,1.46%
05/18/2022,"1,607.00","1,623.50","1,630.25","1,601.75",10.20K,-1.06%
05/17/2022,"1,624.25","1,605.00","1,629.50","1,597.25",5.83K,1.06%
05/16/2022,"1,607.25","1,605.50","1,618.00","1,600.75",5.79K,-2.38%
05/13/2022,"1,646.50","1,614.75","1,651.50","1,614.00",83.09K,2.03%
05/12/2022,"1,613.75","1,607.50","1,627.25","1,590.25",91.72K,0.44%
05/11/2022,"1,606.75","1,593.50","1,615.00","1,587.50",73.05K,0.91%
05/10/2022,"1,592.25","1,589.00","1,605.00","1,580.50",71.40K,0.44%
05/09/2022,"1,585.25","1,623.75","1,626.00","1,578.00",96.28K,-2.27%
05/06/2022,"1,622.00","1,649.50","1,650.00","1,618.00",74.87K,-1.52%
05/05/2022,"1,647.00","1,643.00","1,667.00","1,640.00",81.21K,0.40%
05/04/2022,"1,640.50","1,633.50","1,644.50","1,622.00",75.74K,0.61%
05/03/2022,"1,630.50","1,649.50","1,662.75","1,629.00",77.55K,-0.90%
05/02/2022,"1,645.25","1,684.50","1,688.75","1,635.00",98.83K,-2.34%
04/29/2022,"1,684.75","1,686.00","1,704.75","1,679.25",72.60K,0.00%
04/28/2022,"1,684.75","1,694.25","1,700.00","1,681.25",74.50K,-0.47%
04/27/2022,"1,692.75","1,673.25","1,698.00","1,665.50",119.53K,1.26%
04/26/2022,"1,671.75","1,676.75","1,696.75","1,661.75",106.78K,-0.21%
04/25/2022,"1,675.25","1,687.00","1,695.50","1,656.50",106.28K,-0.76%
04/22/2022,"1,688.00","1,719.00","1,734.00","1,676.00",109.86K,-1.83%
04/21/2022,"1,719.50","1,717.00","1,726.25","1,704.75",98.30K,0.15%
04/20/2022,"1,717.00","1,693.50","1,721.75","1,688.25",89.89K,1.49%
04/19/2022,"1,691.75","1,691.75","1,705.75","1,682.00",80.91K,-0.09%
04/18/2022,"1,693.25","1,672.50","1,700.00","1,669.00",72.24K,0.73%
04/15/2022,"1,681.00","1,681.00","1,681.00","1,681.00",,0.95%
04/14/2022,"1,665.25","1,665.00","1,679.50","1,656.00",76.41K,0.02%
04/13/2022,"1,665.00","1,661.50","1,668.00","1,643.50",102.77K,0.27%
04/12/2022,"1,660.50","1,644.75","1,669.00","1,642.50",90.61K,1.20%
04/11/2022,"1,640.75","1,670.25","1,676.50","1,635.50",88.91K,-1.63%
04/08/2022,"1,668.00","1,627.75","1,668.75","1,625.75",89.20K,2.52%
04/07/2022,"1,627.00","1,603.50","1,631.25","1,599.00",79.39K,1.47%
04/06/2022,"1,603.50","1,613.00","1,625.00","1,599.25",44.39K,-0.65%
04/05/2022,"1,614.00","1,590.00","1,619.25","1,590.00",36.99K,1.57%
04/04/2022,"1,589.00","1,567.75","1,590.50","1,560.50",42.44K,1.42%
04/01/2022,"1,566.75","1,600.00","1,607.50","1,565.00",58.82K,-1.96%
03/31/2022,"1,598.00","1,645.00","1,657.25","1,594.25",59.93K,-2.71%
03/30/2022,"1,642.50","1,624.00","1,658.25","1,619.50",34.31K,1.15%
03/29/2022,"1,623.75","1,645.25","1,655.50","1,604.00",42.18K,-1.40%
03/28/2022,"1,646.75","1,681.00","1,687.25","1,643.50",39.45K,-2.47%
03/25/2022,"1,688.50","1,683.25","1,691.75","1,666.75",28.49K,0.37%
03/24/2022,"1,682.25","1,701.25","1,708.00","1,680.00",43.42K,-0.96%
03/23/2022,"1,698.50","1,677.00","1,713.00","1,673.50",36.27K,1.18%
03/22/2022,"1,678.75","1,673.00","1,700.00","1,667.25",40.23K,0.39%
03/21/2022,"1,672.25","1,650.00","1,689.75","1,645.75",33.89K,1.61%
03/18/2022,"1,645.75","1,647.50","1,667.00","1,632.75",32.13K,-0.09%
03/17/2022,"1,647.25","1,625.50","1,652.25","1,624.50",28.15K,1.31%
03/16/2022,"1,626.00","1,637.25","1,656.25","1,622.25",26.54K,-0.60%
03/15/2022,"1,635.75","1,649.75","1,650.00","1,616.00",27.21K,-2.08%
03/14/2022,"1,670.50","1,692.00","1,697.75","1,667.00",73.46K,-0.33%
03/11/2022,"1,676.00","1,689.25","1,695.75","1,665.25",90.79K,-0.61%
03/10/2022,"1,686.25","1,675.50","1,702.00","1,661.50",104.95K,0.87%
03/09/2022,"1,671.75","1,693.00","1,734.00","1,669.50",116.47K,-1.07%
03/08/2022,"1,689.75","1,660.00","1,706.50","1,649.75",110.02K,1.82%
03/07/2022,"1,659.50","1,686.75","1,696.75","1,654.50",82.38K,-0.06%
03/04/2022,"1,660.50","1,673.75","1,688.50","1,634.50",95.91K,-0.43%
03/03/2022,"1,667.75","1,669.75","1,699.00","1,665.50",101.00K,0.29%
03/02/2022,"1,663.00","1,694.00","1,697.00","1,650.25",111.27K,-1.60%
03/01/2022,"1,690.00","1,641.50","1,697.50","1,641.50",108.76K,3.25%
02/28/2022,"1,636.75","1,629.50","1,655.00","1,613.00",122.90K,3.30%
02/25/2022,"1,584.50","1,654.00","1,670.00","1,579.00",173.83K,-4.20%
02/24/2022,"1,654.00","1,671.00","1,759.25","1,648.25",234.27K,-1.02%
02/23/2022,"1,671.00","1,636.25","1,675.00","1,636.00",166.30K,2.20%
02/22/2022,"1,635.00","1,610.25","1,641.00","1,603.50",154.68K,2.35%
02/21/2022,"1,597.50","1,596.50","1,598.00","1,596.50",,-0.03%
02/20/2022,"1,598.00","1,599.25","1,599.25","1,598.00",,-0.34%
02/18/2022,"1,603.50","1,594.00","1,611.00","1,590.00",93.75K,0.47%
02/17/2022,"1,596.00","1,589.00","1,609.75","1,579.75",86.17K,0.30%
02/16/2022,"1,591.25","1,557.25","1,593.25","1,551.50",79.39K,2.28%
02/15/2022,"1,555.75","1,573.25","1,581.00","1,546.25",101.38K,-1.16%
02/14/2022,"1,574.00","1,589.75","1,602.50","1,555.75",84.62K,-0.77%
02/11/2022,"1,586.25","1,575.25","1,597.25","1,566.50",114.73K,0.62%
02/10/2022,"1,576.50","1,595.00","1,634.50","1,567.75",142.97K,-1.19%
02/09/2022,"1,595.50","1,573.50","1,598.75","1,569.25",119.21K,1.46%
02/08/2022,"1,572.50","1,588.75","1,590.50","1,563.25",107.48K,-0.87%
02/07/2022,"1,586.25","1,573.50","1,592.75","1,567.25",99.84K,1.85%
02/04/2022,"1,557.50","1,547.00","1,562.00","1,535.75",69.92K,0.68%
02/03/2022,"1,547.00","1,548.00","1,562.00","1,533.75",60.94K,-0.16%
02/02/2022,"1,549.50","1,533.25","1,568.25","1,531.75",85.94K,0.99%
02/01/2022,"1,534.25","1,494.75","1,543.25","1,490.00",80.29K,2.61%
01/31/2022,"1,495.25","1,479.00","1,501.50","1,479.00",48.13K,1.36%
01/28/2022,"1,475.25","1,451.50","1,484.50","1,446.25",79.06K,1.46%
01/27/2022,"1,454.00","1,442.00","1,461.75","1,435.50",53.48K,0.48%
01/26/2022,"1,447.00","1,414.50","1,450.25","1,402.50",50.70K,2.19%
01/25/2022,"1,416.00","1,413.00","1,422.00","1,401.75",36.18K,0.35%
01/24/2022,"1,411.00","1,428.00","1,432.00","1,390.25",41.54K,-0.84%
01/21/2022,"1,423.00","1,428.50","1,434.50","1,413.75",34.28K,-0.80%
01/20/2022,"1,434.50","1,397.75","1,437.25","1,397.00",48.77K,2.41%
01/19/2022,"1,400.75","1,372.75","1,401.75","1,372.75",30.94K,2.17%
01/18/2022,"1,371.00","1,370.00","1,378.50","1,359.50",35.77K,0.09%
01/14/2022,"1,369.75","1,376.75","1,380.00","1,363.75",86.05K,-0.54%
01/13/2022,"1,377.25","1,399.00","1,399.00","1,370.75",109.59K,-1.57%
01/12/2022,"1,399.25","1,384.75","1,401.00","1,366.50",118.60K,0.92%
01/11/2022,"1,386.50","1,386.50","1,395.00","1,372.50",97.94K,0.13%
01/10/2022,"1,384.75","1,404.50","1,409.75","1,379.00",120.55K,-1.81%
01/07/2022,"1,410.25","1,388.00","1,415.00","1,376.00",129.91K,1.66%
01/06/2022,"1,387.25","1,390.50","1,393.75","1,370.00",99.49K,-0.54%
01/05/2022,"1,394.75","1,389.00","1,399.00","1,381.50",96.17K,0.36%
01/04/2022,"1,389.75","1,356.00","1,392.25","1,355.50",122.66K,2.53%
01/03/2022,"1,355.50","1,349.00","1,368.50","1,342.00",90.23K,1.21%
12/31/2021,"1,339.25","1,339.25","1,348.50","1,336.50",58.17K,0.06%
12/30/2021,"1,338.50","1,367.50","1,370.00","1,334.50",102.60K,-2.21%
12/29/2021,"1,368.75","1,367.25","1,372.50","1,355.00",110.45K,0.05%
12/28/2021,"1,368.00","1,370.00","1,384.50","1,363.25",107.54K,-0.26%
12/27/2021,"1,371.50","1,345.75","1,372.75","1,342.50",103.76K,2.16%
12/24/2021,"1,342.50","1,342.50","1,342.50","1,342.50",,0.13%
12/23/2021,"1,340.75","1,333.00","1,342.50","1,328.00",90.26K,0.43%
12/22/2021,"1,335.00","1,310.50","1,339.00","1,309.50",105.91K,1.69%
12/21/2021,"1,312.75","1,294.50","1,317.50","1,289.00",100.58K,1.39%
12/20/2021,"1,294.75","1,292.00","1,298.00","1,280.50",70.14K,0.49%
12/17/2021,"1,288.50","1,277.25","1,298.25","1,276.00",103.74K,0.80%
12/16/2021,"1,278.25","1,264.00","1,281.50","1,261.50",92.49K,1.03%
12/15/2021,"1,265.25","1,265.00","1,270.00","1,254.00",74.63K,0.06%
12/14/2021,"1,264.50","1,252.25","1,271.75","1,243.50",75.91K,1.10%
12/13/2021,"1,250.75","1,277.50","1,277.50","1,250.00",78.31K,-1.84%
12/10/2021,"1,274.25","1,272.00","1,284.00","1,267.25",87.90K,0.16%
12/09/2021,"1,272.25","1,268.00","1,275.00","1,255.25",81.08K,0.28%
12/08/2021,"1,268.75","1,260.25","1,271.75","1,246.75",81.30K,0.83%
12/07/2021,"1,258.25","1,267.25","1,275.50","1,252.00",133.88K,-0.65%
12/06/2021,"1,266.50","1,276.25","1,278.75","1,259.50",52.04K,-0.37%
12/03/2021,"1,271.25","1,250.25","1,274.75","1,250.25",54.81K,1.70%
12/02/2021,"1,250.00","1,236.25","1,255.25","1,228.50",53.70K,1.21%
12/01/2021,"1,235.00","1,231.25","1,244.00","1,223.50",60.57K,0.69%
11/30/2021,"1,226.50","1,252.00","1,255.00","1,224.00",69.78K,-2.04%
11/29/2021,"1,252.00","1,270.25","1,278.75","1,251.25",36.41K,-0.87%
11/26/2021,"1,263.00","1,264.50","1,264.50","1,251.00",39.39K,-1.12%
11/24/2021,"1,277.25","1,285.50","1,292.00","1,274.25",30.07K,-0.56%
11/23/2021,"1,284.50","1,286.00","1,291.00","1,274.50",30.43K,-0.14%
11/22/2021,"1,286.25","1,275.50","1,291.00","1,271.75",28.38K,0.88%
11/19/2021,"1,275.00","1,277.75","1,288.25","1,268.25",38.42K,-0.12%
11/18/2021,"1,276.50","1,287.75","1,298.25","1,274.25",53.05K,-0.91%
11/17/2021,"1,288.25","1,263.50","1,300.50","1,262.50",68.46K,1.98%
11/16/2021,"1,263.25","1,267.25","1,273.00","1,260.50",32.33K,-0.43%
11/15/2021,"1,268.75","1,254.00","1,270.75","1,250.25",36.68K,1.97%
11/12/2021,"1,244.25","1,221.50","1,249.75","1,220.50",104.15K,1.86%
11/11/2021,"1,221.50","1,216.75","1,228.25","1,212.00",78.39K,0.39%
11/10/2021,"1,216.75","1,212.00","1,222.50","1,208.50",89.60K,0.39%
11/09/2021,"1,212.00","1,187.75","1,240.75","1,181.25",148.53K,1.98%
11/08/2021,"1,188.50","1,203.75","1,208.25","1,187.00",108.73K,-1.41%
11/05/2021,"1,205.50","1,223.00","1,227.00","1,203.50",92.05K,-1.41%
11/04/2021,"1,222.75","1,243.75","1,247.50","1,216.00",107.99K,-1.73%
11/03/2021,"1,244.25","1,254.25","1,257.75","1,239.50",78.35K,-0.96%
11/02/2021,"1,256.25","1,247.75","1,261.00","1,243.25",87.43K,0.62%
11/01/2021,"1,248.50","1,249.00","1,259.50","1,236.75",85.98K,-0.08%
10/29/2021,"1,249.50","1,244.00","1,255.50","1,241.50",87.77K,0.28%
10/28/2021,"1,246.00","1,249.75","1,260.00","1,241.25",131.18K,-0.30%
10/27/2021,"1,249.75","1,246.50","1,266.25","1,236.00",167.19K,0.18%
10/26/2021,"1,247.50","1,246.25","1,255.75","1,239.50",86.77K,0.04%
10/25/2021,"1,247.00","1,230.00","1,248.25","1,226.50",99.04K,1.32%
10/22/2021,"1,230.75","1,233.50","1,240.50","1,227.00",76.62K,-0.22%
10/21/2021,"1,233.50","1,253.00","1,258.75","1,231.50",63.99K,-1.71%
10/20/2021,"1,255.00","1,237.00","1,258.75","1,234.00",73.67K,1.46%
10/19/2021,"1,237.00","1,228.25","1,247.25","1,224.75",88.10K,0.65%
10/18/2021,"1,229.00","1,226.75","1,233.00","1,218.25",49.53K,0.22%
10/15/2021,"1,226.25","1,214.75","1,229.00","1,211.50",69.99K,0.88%
10/14/2021,"1,215.50","1,206.00","1,216.75","1,203.50",76.47K,0.79%
10/13/2021,"1,206.00","1,210.00","1,222.00","1,195.75",116.24K,-0.33%
10/12/2021,"1,210.00","1,238.00","1,241.75","1,206.25",90.88K,-2.40%
10/11/2021,"1,239.75","1,252.00","1,262.75","1,238.50",58.97K,-1.16%
10/08/2021,"1,254.25","1,256.75","1,273.75","1,253.25",75.70K,-0.32%
10/07/2021,"1,258.25","1,252.50","1,260.50","1,244.75",69.22K,0.46%
10/06/2021,"1,252.50","1,260.00","1,266.00","1,250.00",31.52K,-0.67%
10/05/2021,"1,261.00","1,244.75","1,266.75","1,241.50",44.30K,1.18%
10/04/2021,"1,246.25","1,253.00","1,257.50","1,245.25",42.98K,-0.82%
10/01/2021,"1,256.50","1,264.50","1,272.00","1,252.00",42.01K,-0.71%
09/30/2021,"1,265.50","1,291.75","1,304.25","1,259.25",63.54K,-2.16%
09/29/2021,"1,293.50","1,286.00","1,298.00","1,282.75",22.00K,0.51%
09/28/2021,"1,287.00","1,296.75","1,296.75","1,284.75",25.10K,-0.81%
09/27/2021,"1,297.50","1,293.25","1,306.75","1,291.75",29.97K,0.21%
09/24/2021,"1,294.75","1,292.75","1,299.75","1,288.00",19.55K,0.06%
09/23/2021,"1,294.00","1,291.00","1,299.75","1,285.25",23.36K,0.17%
09/22/2021,"1,291.75","1,283.00","1,293.50","1,279.00",17.22K,0.70%
09/21/2021,"1,282.75","1,273.00","1,284.50","1,266.50",21.71K,0.86%
09/20/2021,"1,271.75","1,294.00","1,294.00","1,271.25",25.31K,-1.64%
09/17/2021,"1,293.00","1,304.00","1,307.00","1,287.00",21.74K,-0.90%
09/16/2021,"1,304.75","1,304.25","1,317.00","1,300.25",22.43K,0.10%
09/15/2021,"1,303.50","1,292.25","1,305.00","1,285.25",26.38K,1.64%
09/14/2021,"1,282.50","1,285.75","1,297.50","1,281.00",72.17K,-0.18%
09/13/2021,"1,284.75","1,290.00","1,294.25","1,277.00",67.96K,-0.14%
09/10/2021,"1,286.50","1,270.75","1,300.00","1,262.75",139.99K,1.26%
09/09/2021,"1,270.50","1,280.00","1,281.75","1,265.00",84.69K,-0.70%
09/08/2021,"1,279.50","1,279.00","1,288.00","1,272.00",88.64K,0.20%
09/07/2021,"1,277.00","1,291.75","1,305.75","1,276.50",73.52K,-1.15%
09/06/2021,"1,291.88","1,291.88","1,291.88","1,291.88",,-0.01%
09/03/2021,"1,292.00","1,282.75","1,296.75","1,276.75",73.70K,0.68%
09/02/2021,"1,283.25","1,278.00","1,287.75","1,271.00",93.83K,0.43%
09/01/2021,"1,277.75","1,294.00","1,295.75","1,270.00",111.52K,-1.14%
08/31/2021,"1,292.50","1,305.25","1,312.00","1,283.25",111.70K,-0.82%
08/30/2021,"1,303.25","1,323.25","1,336.25","1,297.00",102.39K,-1.51%
08/27/2021,"1,323.25","1,324.00","1,325.00","1,307.50",75.65K,-0.23%
08/26/2021,"1,326.25","1,331.00","1,331.50","1,318.00",77.54K,-0.49%
08/25/2021,"1,332.75","1,332.00","1,339.50","1,322.00",91.32K,0.08%
08/24/2021,"1,331.75","1,299.00","1,337.75","1,292.00",120.28K,3.02%
08/23/2021,"1,292.75","1,288.50","1,309.00","1,286.50",91.59K,0.15%
08/20/2021,"1,290.75","1,321.00","1,333.50","1,277.25",118.55K,-2.22%
08/19/2021,"1,320.00","1,351.75","1,351.75","1,314.25",109.71K,-2.46%
08/18/2021,"1,353.25","1,362.25","1,365.00","1,347.25",66.37K,-0.61%
08/17/2021,"1,361.50","1,374.00","1,379.75","1,356.75",86.76K,-0.49%
08/16/2021,"1,368.25","1,366.25","1,378.00","1,360.75",75.61K,-0.35%
08/13/2021,"1,373.00","1,347.25","1,373.25","1,335.50",20.56K,1.93%
08/12/2021,"1,347.00","1,346.25","1,374.50","1,329.50",21.96K,0.00%
08/11/2021,"1,347.00","1,348.00","1,365.50","1,344.75",18.93K,-0.09%
08/10/2021,"1,348.25","1,337.00","1,354.75","1,337.00",14.06K,0.50%
08/09/2021,"1,341.50","1,345.75","1,354.75","1,335.75",12.25K,-0.20%
08/06/2021,"1,344.25","1,337.00","1,349.75","1,331.50",13.01K,0.64%
08/05/2021,"1,335.75","1,333.50","1,347.75","1,322.00",13.11K,0.28%
08/04/2021,"1,332.00","1,327.00","1,335.50","1,320.25",16.80K,0.62%
08/03/2021,"1,323.75","1,349.50","1,350.25","1,312.75",23.95K,-2.40%
08/02/2021,"1,356.25","1,355.00","1,362.00","1,342.00",11.37K,0.06%
07/30/2021,"1,355.50","1,386.25","1,387.25","1,350.50",16.02K,-2.15%
07/29/2021,"1,385.25","1,369.50","1,388.50","1,366.00",17.42K,1.09%
07/28/2021,"1,370.25","1,371.25","1,378.75","1,358.00",19.53K,0.24%
07/27/2021,"1,367.00","1,369.00","1,392.25","1,361.75",20.19K,0.33%
07/26/2021,"1,362.50","1,359.50","1,365.25","1,336.50",16.57K,0.50%
07/23/2021,"1,355.75","1,374.00","1,374.25","1,351.25",16.47K,-0.97%
07/22/2021,"1,369.00","1,398.00","1,398.00","1,350.25",23.58K,-2.06%
07/21/2021,"1,397.75","1,403.00","1,406.00","1,383.75",15.09K,-0.09%
07/20/2021,"1,399.00","1,391.00","1,414.00","1,384.25",18.66K,1.18%
07/19/2021,"1,382.75","1,427.00","1,431.25","1,381.25",14.63K,-1.65%
07/16/2021,"1,406.00","1,396.25","1,424.00","1,391.75",19.56K,0.84%
07/15/2021,"1,394.25","1,394.50","1,401.75","1,388.00",20.70K,-4.04%
07/14/2021,"1,453.00","1,414.00","1,458.25","1,407.00",36.42K,2.70%
07/13/2021,"1,414.75","1,403.75","1,425.00","1,400.25",32.51K,0.75%
07/12/2021,"1,404.25","1,378.50","1,409.50","1,378.50",26.87K,1.81%
07/09/2021,"1,379.25","1,367.50","1,382.50","1,356.75",21.97K,1.03%
07/08/2021,"1,365.25","1,377.75","1,383.00","1,353.00",28.36K,-0.11%
07/07/2021,"1,366.75","1,351.25","1,388.00","1,346.25",31.22K,1.67%
07/06/2021,"1,344.25","1,408.25","1,408.25","1,334.00",27.21K,-6.21%
07/02/2021,"1,433.25","1,429.00","1,449.50","1,417.50",20.78K,0.24%
07/01/2021,"1,429.75","1,434.75","1,459.75","1,409.00",29.45K,-0.02%
06/30/2021,"1,430.00","1,340.00","1,438.50","1,315.50",41.06K,6.74%
06/29/2021,"1,339.75","1,350.00","1,353.25","1,327.00",33.74K,0.22%
06/28/2021,"1,336.75","1,302.75","1,343.75","1,299.00",40.25K,2.61%
06/25/2021,"1,302.75","1,333.50","1,347.25","1,300.25",39.51K,-2.34%
06/24/2021,"1,334.00","1,345.25","1,346.00","1,305.50",29.89K,-0.89%
06/23/2021,"1,346.00","1,347.50","1,363.75","1,342.25",26.51K,-0.44%
06/22/2021,"1,352.00","1,374.75","1,380.75","1,350.50",23.55K,-1.33%
06/21/2021,"1,370.25","1,333.00","1,376.75","1,326.00",25.42K,1.13%
06/18/2021,"1,355.00","1,295.00","1,366.50","1,295.00",36.50K,4.63%
06/17/2021,"1,295.00","1,395.00","1,400.25","1,289.00",45.79K,-7.63%
06/16/2021,"1,402.00","1,429.00","1,435.25","1,396.25",22.63K,-1.68%
06/15/2021,"1,426.00","1,451.00","1,457.00","1,421.00",33.52K,-1.06%
06/14/2021,"1,441.25","1,477.75","1,480.25","1,428.00",25.40K,-2.78%
06/11/2021,"1,482.50","1,509.75","1,515.75","1,473.25",42.10K,-1.82%
06/10/2021,"1,510.00","1,523.00","1,538.25","1,501.75",33.49K,-0.85%
06/09/2021,"1,523.00","1,542.75","1,545.75","1,510.75",18.93K,-1.07%
06/08/2021,"1,539.50","1,531.50","1,552.75","1,523.25",22.57K,1.13%
06/07/2021,"1,522.25","1,553.25","1,577.75","1,520.75",27.54K,-0.99%
06/04/2021,"1,537.50","1,502.75","1,540.25","1,501.25",14.11K,2.21%
06/03/2021,"1,504.25","1,518.75","1,541.25","1,498.50",15.52K,-0.79%
06/02/2021,"1,516.25","1,498.25","1,520.75","1,495.00",16.38K,1.03%
06/01/2021,"1,500.75","1,493.50","1,528.25","1,490.00",12.71K,-2.78%
05/31/2021,"1,543.62","1,543.62","1,543.62","1,543.62",,4.16%
05/28/2021,"1,482.00","1,488.50","1,505.50","1,474.50",7.95K,-0.35%
05/27/2021,"1,487.25","1,456.25","1,489.25","1,443.75",11.35K,2.36%
05/26/2021,"1,453.00","1,461.25","1,470.75","1,438.00",12.08K,-0.51%
05/25/2021,"1,460.50","1,471.25","1,487.25","1,449.50",8.71K,-0.71%
05/24/2021,"1,471.00","1,466.50","1,472.75","1,452.50",7.00K,-0.08%
05/21/2021,"1,472.25","1,481.50","1,485.00","1,461.75",10.39K,-0.54%
05/20/2021,"1,480.25","1,492.25","1,498.75","1,470.25",8.88K,-0.35%
05/19/2021,"1,485.50","1,522.00","1,523.25","1,472.50",16.43K,-2.35%
05/18/2021,"1,521.25","1,525.00","1,540.25","1,514.25",12.49K,-0.28%
05/17/2021,"1,525.50","1,525.75","1,538.50","1,512.50",11.06K,-3.83%
05/14/2021,"1,586.25","1,583.50","1,612.75","1,577.00",104.66K,0.14%
05/13/2021,"1,584.00","1,639.75","1,645.25","1,575.00",164.12K,-3.56%
05/12/2021,"1,642.50","1,617.75","1,667.50","1,615.25",153.36K,1.72%
05/11/2021,"1,614.75","1,586.00","1,625.50","1,573.25",116.84K,1.72%
05/10/2021,"1,587.50","1,576.50","1,593.75","1,575.25",94.98K,-0.14%
05/07/2021,"1,589.75","1,566.25","1,599.50","1,562.25",108.53K,1.29%
05/06/2021,"1,569.50","1,547.00","1,571.00","1,543.00",112.47K,1.77%
05/05/2021,"1,542.25","1,540.00","1,554.00","1,532.25",87.26K,0.26%
05/04/2021,"1,538.25","1,524.00","1,553.00","1,519.00",93.06K,0.94%
05/03/2021,"1,524.00","1,549.25","1,563.50","1,515.75",107.74K,-0.67%
04/30/2021,"1,534.25","1,501.25","1,537.00","1,491.25",108.72K,2.13%
04/29/2021,"1,502.25","1,508.00","1,526.25","1,500.00",122.27K,-0.76%
04/28/2021,"1,513.75","1,515.50","1,544.50","1,490.50",188.64K,-0.38%
04/27/2021,"1,519.50","1,541.50","1,574.75","1,518.00",195.81K,-1.28%
04/26/2021,"1,539.25","1,524.00","1,544.75","1,515.00",160.82K,1.53%
04/23/2021,"1,516.00","1,514.25","1,525.50","1,498.75",139.85K,0.12%
04/22/2021,"1,514.25","1,480.50","1,524.00","1,480.00",158.66K,2.35%
04/21/2021,"1,479.50","1,460.00","1,481.75","1,453.00",126.88K,1.49%
04/20/2021,"1,457.75","1,435.75","1,471.50","1,435.75",122.05K,1.48%
04/19/2021,"1,436.50","1,430.00","1,441.75","1,423.50",91.84K,0.98%
04/16/2021,"1,422.50","1,410.50","1,430.00","1,410.50",97.09K,0.82%
04/15/2021,"1,411.00","1,401.75","1,414.25","1,400.00",76.93K,0.62%
04/14/2021,"1,402.25","1,386.50","1,408.75","1,382.75",93.32K,1.26%
04/13/2021,"1,384.75","1,381.50","1,394.25","1,374.75",96.05K,0.42%
04/12/2021,"1,379.00","1,398.00","1,401.75","1,374.75",102.69K,-1.38%
04/09/2021,"1,398.25","1,410.25","1,413.50","1,395.50",92.19K,-0.82%
04/08/2021,"1,409.75","1,403.00","1,415.75","1,398.50",77.90K,0.48%
04/07/2021,"1,403.00","1,411.25","1,420.00","1,398.50",57.56K,-0.58%
04/06/2021,"1,411.25","1,405.50","1,423.25","1,405.25",47.33K,0.41%
04/05/2021,"1,405.50","1,404.00","1,415.50","1,400.50",39.41K,0.63%
04/01/2021,"1,396.75","1,436.00","1,448.25","1,393.75",117.77K,-2.17%
03/31/2021,"1,427.75","1,359.00","1,427.75","1,355.00",101.57K,5.16%
03/30/2021,"1,357.75","1,384.75","1,387.25","1,356.00",44.74K,-1.99%
03/29/2021,"1,385.25","1,391.50","1,394.25","1,375.25",47.81K,-0.43%
03/26/2021,"1,391.25","1,404.00","1,408.25","1,390.00",61.67K,-0.94%
03/25/2021,"1,404.50","1,419.25","1,420.00","1,400.25",56.55K,-1.16%
03/24/2021,"1,421.00","1,409.50","1,422.25","1,406.50",49.09K,0.69%
03/23/2021,"1,411.25","1,404.75","1,422.75","1,401.75",60.24K,0.52%
03/22/2021,"1,404.00","1,405.50","1,409.50","1,392.75",30.15K,0.07%
03/19/2021,"1,403.00","1,378.00","1,404.75","1,377.50",36.30K,1.63%
03/18/2021,"1,380.50","1,405.75","1,407.00","1,378.25",44.26K,-1.81%
03/17/2021,"1,406.00","1,414.25","1,415.75","1,398.25",41.00K,-0.55%
03/16/2021,"1,413.75","1,410.75","1,415.00","1,403.00",37.66K,0.25%
03/15/2021,"1,410.25","1,398.00","1,413.75","1,392.00",39.93K,-0.21%
03/12/2021,"1,413.25","1,413.75","1,417.75","1,392.25",100.48K,-0.02%
03/11/2021,"1,413.50","1,410.50","1,422.50","1,400.75",95.56K,0.27%
03/10/2021,"1,409.75","1,442.00","1,445.75","1,408.25",124.17K,-2.10%
03/09/2021,"1,440.00","1,434.75","1,442.00","1,423.00",115.32K,0.44%
03/08/2021,"1,433.75","1,441.50","1,460.00","1,431.50",103.93K,0.26%
03/05/2021,"1,430.00","1,410.50","1,433.25","1,403.25",94.02K,1.38%
03/04/2021,"1,410.50","1,409.00","1,438.00","1,403.50",140.37K,0.21%
03/03/2021,"1,407.50","1,415.00","1,417.75","1,395.25",83.31K,-0.35%
03/02/2021,"1,412.50","1,393.50","1,416.50","1,380.75",110.17K,1.53%
03/01/2021,"1,391.25","1,415.00","1,422.50","1,389.50",106.59K,-0.93%